round_index,test_id,source_file_index,source_session_dir,source_session_id,original_round_index,original_test_id,selected_step_count,selected_step_indices,ConstellationConfig,DegradedEdgeRatio,EdgeDisconnectRatio,EdgeBandwidthMeanDecreaseRatio,EdgeBandwidthDecreaseStd,PoissonRate,MeanIntervalTime,PacketGenerationInterval,PacketSizeMean,PacketSizeStd,StateObservationAttack_level,ActionAttack_level,StateTransferAttack_level,RewardAttack_level,ExperiencePoolAttack_level,ModelTampAttack_level,PacketLossRate,NetworkThroughput,BandwidthUtilization,AvgPacketNodeVisits,CumulativeReward,AverageInferenceTime,AverageE2eDelay,AverageHopCount,AverageComputingRatio,ComputingWaitingTime,AverageEndingReward
0,1,0,failure_and_attribution_analysis\full_project_runs\20260514_155731\simulation_data\4\20260514_155731\current_session,session_0000,0,1,2,"90,100",4.0,0.08,0.1,0.2,0.1,45.0,15.0,4.0,400000000.0,115470000.0,0.0,0.0,0.0,0.0,0.0,0.0,0.0,83.8615,0.0021,5.5985,11.875464000000001,0.5195000000000001,2.7215,5.1345,0.1725,2.5045,0.8254634261359197
1,2,0,failure_and_attribution_analysis\full_project_runs\20260514_155731\simulation_data\4\20260514_155731\current_session,session_0000,1,2,2,"90,100",4.0,1.0,0.3432883468940058,0.3432883468940058,0.2,42.653365201750745,19.01332088049946,3.4359514088839465,100000000.0,500000000.0,0.0,0.0,0.0,3.0,0.0,0.0,0.8553000000000001,32.593,0.00175,3.1825,-12.10844,0.4025,0.7095,5.125,0.10415,0.597,0.6311927499429199
1,3,0,failure_and_attribution_analysis\full_project_runs\20260514_155731\simulation_data\4\20260514_155731\current_session,session_0000,1,3,2,"90,100",4.0,0.1053974015981885,0.17295965681748043,0.17295965681748043,0.045454566684130865,42.53461306160311,15.60803117536041,3.915622472383782,396522427.0,332704506.0,1.0,0.0,0.0,0.0,0.0,0.0,0.037500000000000006,90.45599999999999,0.0035,6.2775,8.692454999999999,0.386,3.4124999999999996,5.4505,0.13335000000000002,3.0095,0.8293729877770077
1,4,0,failure_and_attribution_analysis\full_project_runs\20260514_155731\simulation_data\4\20260514_155731\current_session,session_0000,1,4,2,"90,100",4.0,0.0,0.0,0.0,0.0478446910079676,42.172822306287706,17.252218315418652,3.771169260552734,100000000.0,401135947.0,0.0,0.0,0.0,0.0,0.0,0.0,0.0,50.1925,0.0019,6.878,13.1136395,0.432,1.56,5.9055,0.09584999999999999,1.3765,0.900502810415618
1,5,0,failure_and_attribution_analysis\full_project_runs\20260514_155731\simulation_data\4\20260514_155731\current_session,session_0000,1,5,2,"90,100",4.0,0.8227153340142308,0.40270149815004197,0.6574239360032605,0.09872207736831728,41.30448495512518,17.450723448804165,3.4611856398496044,185405105.0,333702184.0,4.0,0.0,0.0,0.0,0.0,0.0,0.70235,9.9135,0.00305,3.6665,4.8634685,0.4165,1.698,4.986000000000001,0.085,1.3765,0.8873091773132127
1,6,0,failure_and_attribution_analysis\full_project_runs\20260514_155731\simulation_data\4\20260514_155731\current_session,session_0000,1,6,2,"90,100",4.0,0.49910803539678167,0.3569235423123256,0.3569235423123256,0.08240966048379131,41.801240990162626,17.730833875970394,3.000001,303555585.0,202998631.0,0.0,0.0,0.0,0.0,0.0,0.0,0.52245,27.250999999999998,0.00165,4.2265,7.2189700000000006,0.443,2.0005,4.4045000000000005,0.13169999999999998,1.8375,0.8999607313578654
1,7,0,failure_and_attribution_analysis\full_project_runs\20260514_155731\simulation_data\4\20260514_155731\current_session,session_0000,1,7,2,"90,100",4.0,0.3736423394045408,0.7183830651857448,0.7615614141429006,0.13260299863498842,43.3122990792512,16.412200520446582,3.2282784736883716,531797884.0,477033625.0,0.0,0.0,0.0,0.0,0.0,0.0,0.51925,63.391000000000005,0.00455,4.669499999999999,5.071324,0.4085,3.7355,5.119,0.15084999999999998,3.3609999999999998,0.8132287421793687
1,8,0,failure_and_attribution_analysis\full_project_runs\20260514_155731\simulation_data\4\20260514_155731\current_session,session_0000,1,8,2,"90,100",4.0,0.3879461025207811,0.6159925134970459,0.6850596571962833,0.07241785963766961,44.87145711292428,14.000001,3.3741037886204497,113375155.0,123444695.0,0.0,2.0,0.0,0.0,0.0,0.0,0.6058500000000001,20.2525,0.0009,4.5265,5.730068,0.371,0.937,4.425,0.04585,0.7885,0.7734476026390158
1,9,0,failure_and_attribution_analysis\full_project_runs\20260514_155731\simulation_data\4\20260514_155731\current_session,session_0000,1,9,2,"90,100",4.0,0.8962131611356959,0.6823928041916101,0.6823928041916101,0.16715123703078055,43.41735568619728,14.225992676119297,3.528620228866187,100000000.0,314642838.0,0.0,0.0,0.0,0.0,0.0,0.0,0.9398500000000001,4.6475,0.0007,2.205,0.5154764999999999,0.45399999999999996,1.0659999999999998,4.0,0.05500000000000001,0.909,0.9466798342724406
1,10,0,failure_and_attribution_analysis\full_project_runs\20260514_155731\simulation_data\4\20260514_155731\current_session,session_0000,1,10,2,"90,100",4.0,0.04908951444940929,0.25123723068194365,0.25123723068194365,0.09366342190615219,45.087341317447475,16.213138023877114,3.8209649954592706,164204401.0,500000000.0,0.0,0.0,0.0,0.0,0.0,0.0,0.08115,46.826499999999996,0.0028,6.8695,10.2236525,0.38,1.9975,6.0615000000000006,0.11415,1.749,0.8276206095361467
1,11,0,failure_and_attribution_analysis\full_project_runs\20260514_155731\simulation_data\4\20260514_155731\current_session,session_0000,1,11,2,"90,100",4.0,0.28065784365301516,0.30749449158164854,0.40508073421233837,0.18322719710951957,43.962458823556396,16.74727418284195,3.427513574215919,384930309.0,500000000.0,0.0,0.0,0.0,0.0,0.0,0.0,0.21445,72.739,0.0038499999999999997,5.8345,8.883683999999999,0.40449999999999997,3.3445,5.2255,0.16835,2.9885,0.8155434306773999
1,12,0,failure_and_attribution_analysis\full_project_runs\20260514_155731\simulation_data\4\20260514_155731\current_session,session_0000,1,12,2,"90,100",4.0,0.7333458516896226,0.6714144119232773,0.6969849672940283,0.2,43.33798204952834,18.62156804919835,3.0663193170317045,256419256.0,260554143.0,0.0,0.0,0.0,0.0,0.0,0.0,0.8402000000000001,4.513999999999999,0.00175,2.8895,1.9489535,0.4495,2.4195,4.068,0.08249999999999999,2.237,0.8790361656573302
1,13,0,failure_and_attribution_analysis\full_project_runs\20260514_155731\simulation_data\4\20260514_155731\current_session,session_0000,1,13,2,"90,100",4.0,0.6024113500889439,0.0,0.34534248537333606,0.036431217051949696,41.148308012240626,16.33469019195193,3.277571132900495,267578191.0,184245049.0,0.0,0.0,3.0,0.0,0.0,0.0,0.0,51.156499999999994,0.00285,6.019500000000001,12.2946405,0.499,1.9420000000000002,5.365,0.11585000000000001,1.713,0.8706510265127521
1,14,0,failure_and_attribution_analysis\full_project_runs\20260514_155731\simulation_data\4\20260514_155731\current_session,session_0000,1,14,2,"90,100",4.0,0.5030875789880223,0.6642187457854373,1.0,0.16510012953316153,42.96817194824917,14.448775595466154,3.438715616178304,100000000.0,352696170.0,0.0,0.0,0.0,0.0,0.0,2.0,0.81165,33.2955,0.001,2.4050000000000002,1.3940585,0.6445,1.339,3.6875,0.05165,1.193,0.7455525612523333
1,15,0,failure_and_attribution_analysis\full_project_runs\20260514_155731\simulation_data\4\20260514_155731\current_session,session_0000,1,15,2,"90,100",4.0,0.7514547189724555,0.41022517975833916,0.41022517975833916,0.15907004928351637,41.849890729329694,19.02115526729662,3.409986500628934,443741984.0,411611082.0,4.0,0.0,0.0,0.0,0.0,0.0,0.7662000000000001,71.0595,0.0022500000000000003,3.0380000000000003,2.1291115,0.395,2.3945,3.3194999999999997,0.14834999999999998,2.122,0.824736987128557
1,16,0,failure_and_attribution_analysis\full_project_runs\20260514_155731\simulation_data\4\20260514_155731\current_session,session_0000,1,16,2,"90,100",4.0,0.5836421846047644,0.4417481155106127,0.4629107522354911,0.14721933354402736,45.34262774858705,17.39719393638408,3.7275470322592827,700508694.0,500000000.0,0.0,3.0,0.0,0.0,0.0,0.0,0.7222,43.806,0.0069500000000000004,4.351,-1.901223,0.3755,4.841,5.3355,0.23585,4.3525,0.6865091529937457
1,17,0,failure_and_attribution_analysis\full_project_runs\20260514_155731\simulation_data\4\20260514_155731\current_session,session_0000,1,17,2,"90,100",4.0,0.3286834474905186,0.6844195665033247,0.7831359252914146,0.13216986347675452,42.66703884581156,16.809878999325665,3.5677539248822336,100000000.0,499151344.0,0.0,2.0,0.0,0.0,0.0,0.0,0.73125,19.552999999999997,0.0012000000000000001,3.1580000000000004,3.9521990000000002,0.4085,1.766,4.1875,0.0775,1.5745,0.8804365724743435
2,18,0,failure_and_attribution_analysis\full_project_runs\20260514_155731\simulation_data\4\20260514_155731\current_session,session_0000,2,18,2,"90,100",4.0,0.21894186901205043,0.5125551653120104,0.6080083942206772,0.09781527880412194,43.11324491733121,14.413570871264524,3.7586847558663297,100000000.0,136918996.0,0.0,0.0,0.0,0.0,3.0,0.0,0.41280000000000006,13.048,0.00065,4.622,9.604802,0.44,0.7035,4.087,0.03165,0.6074999999999999,0.9354217952321002
2,19,0,failure_and_attribution_analysis\full_project_runs\20260514_155731\simulation_data\4\20260514_155731\current_session,session_0000,2,19,2,"90,100",4.0,0.07154929233905033,0.6499774293804952,0.9720899933770575,0.04569261574045249,45.61996272299661,14.000001,3.590559992988341,100000000.0,255077086.0,0.0,0.0,0.0,0.0,0.0,0.0,0.10345,36.7555,0.0010500000000000002,5.507,9.4841575,0.362,6.954,4.537,0.07,0.9524999999999999,0.5510081290540766
2,20,0,failure_and_attribution_analysis\full_project_runs\20260514_155731\simulation_data\4\20260514_155731\current_session,session_0000,2,20,2,"90,100",4.0,0.7182765235306188,0.5588567771304889,0.7233644904660277,0.11458067488185383,41.75301335722731,16.554615490432056,3.455147181989967,117237428.0,303869071.0,0.0,0.0,3.0,0.0,0.0,0.0,0.8166500000000001,41.5505,0.0008500000000000001,2.957,2.9880265,0.3705,1.474,3.7125,0.08580000000000002,1.3305,0.8762951600008406
2,21,0,failure_and_attribution_analysis\full_project_runs\20260514_155731\simulation_data\4\20260514_155731\current_session,session_0000,2,21,2,"90,100",4.0,0.43061267022451477,0.4904944509629971,1.0,0.0721642805338209,43.08423046246476,14.962116582173955,3.548636366506148,100000000.0,261168877.0,0.0,0.0,0.0,0.0,0.0,2.0,0.8077,13.4605,0.0007,2.5164999999999997,2.461423,0.398,1.6335,3.3335,0.0458,1.525,0.696083046794162
2,22,0,failure_and_attribution_analysis\full_project_runs\20260514_155731\simulation_data\4\20260514_155731\current_session,session_0000,2,22,2,"90,100",4.0,0.47013743507189615,0.6889169293213395,0.6889169293213395,0.07013898331993815,43.493838329515924,17.874510338822983,3.2057386235939433,100000000.0,500000000.0,2.0,0.0,0.0,0.0,0.0,0.0,0.8042,5.919499999999999,0.00065,2.82,1.5733584999999999,0.3905,2.94,3.35,0.07335,2.849,0.8530197348592932
2,23,0,failure_and_attribution_analysis\full_project_runs\20260514_155731\simulation_data\4\20260514_155731\current_session,session_0000,2,23,2,"90,100",4.0,0.27294326140466074,0.20687582104269575,0.5088901718209503,0.03784463182181533,43.44087361636821,17.71474825812803,3.7114118767378037,312797299.0,230528690.0,0.0,2.0,0.0,0.0,0.0,0.0,0.0708,32.7645,0.0021999999999999997,5.7485,10.927764,0.34850000000000003,2.6715,4.742,0.0975,2.4284999999999997,0.848568254025643
2,24,0,failure_and_attribution_analysis\full_project_runs\20260514_155731\simulation_data\4\20260514_155731\current_session,session_0000,2,24,2,"90,100",4.0,0.0,0.0,0.0,0.049943650592881667,44.93487149562504,15.582955190123345,3.707692455902859,200921283.0,172060623.0,1.0,0.0,0.0,0.0,0.0,0.0,0.01165,47.607,0.0019000000000000002,6.5760000000000005,14.068788999999999,0.3665,1.464,5.497999999999999,0.1075,1.31,0.9042600077671852
2,25,0,failure_and_attribution_analysis\full_project_runs\20260514_155731\simulation_data\4\20260514_155731\current_session,session_0000,2,25,2,"90,100",4.0,0.46558762874064874,0.4467838535254982,0.4467838535254982,0.12504521684307496,43.29941066795405,15.722917114428899,3.5182002643141637,100000000.0,314824019.0,0.0,0.0,0.0,0.0,0.0,0.0,0.4395,21.0985,0.00085,4.109,8.9281895,0.39749999999999996,0.957,4.191,0.04665,0.819,0.894679662818552
2,26,0,failure_and_attribution_analysis\full_project_runs\20260514_155731\simulation_data\4\20260514_155731\current_session,session_0000,2,26,2,"90,100",4.0,0.42282400120635333,0.6162102884478293,0.7147130302449298,0.10043846330366192,42.375218870223634,18.469433667309595,3.384046773978069,100000000.0,247260866.0,0.0,0.0,0.0,0.0,0.0,0.0,0.6326499999999999,17.1,0.0008,3.869,5.513645,0.3575,0.8574999999999999,5.201499999999999,0.037500000000000006,0.7185,0.8946155251940557
2,27,0,failure_and_attribution_analysis\full_project_runs\20260514_155731\simulation_data\4\20260514_155731\current_session,session_0000,2,27,2,"90,100",4.0,0.5617886855181274,0.7278556719284258,0.7278556719284258,0.14250632704605118,42.48579678683576,16.357383394753473,3.623716673622261,100000000.0,279640013.0,0.0,2.0,0.0,0.0,0.0,0.0,0.86805,0.014,0.00035,2.3375,1.5185165,0.345,2.0454999999999997,4.225,0.0517,1.9315,0.7977291181810628
2,28,0,failure_and_attribution_analysis\full_project_runs\20260514_155731\simulation_data\4\20260514_155731\current_session,session_0000,2,28,2,"90,100",4.0,0.40909866947201873,0.3113469347397899,0.78096684052689,0.08092620559406229,40.4080103070196,17.82500668089598,3.7559540170046364,190483748.0,358666726.0,0.0,0.0,0.0,0.0,0.0,0.0,0.39865,33.8275,0.0012000000000000001,4.7545,8.1380765,0.3605,1.651,4.8875,0.0708,1.353,0.8597566694965427
2,29,0,failure_and_attribution_analysis\full_project_runs\20260514_155731\simulation_data\4\20260514_155731\current_session,session_0000,2,29,2,"90,100",4.0,0.4919896256971138,0.5056046082538046,0.5056046082538046,0.11877393017013606,42.94463470806813,17.356098571723717,3.555603282181445,327987596.0,364085969.0,4.0,0.0,0.0,0.0,0.0,0.0,0.7038,32.7115,0.00175,3.226,3.8405065,0.4335,2.1100000000000003,3.7664999999999997,0.11665,1.944,0.8278312060880726
2,30,0,failure_and_attribution_analysis\full_project_runs\20260514_155731\simulation_data\4\20260514_155731\current_session,session_0000,2,30,2,"90,100",4.0,0.8191437081825623,0.0,0.728894091930263,0.12891848211143594,42.1928396726271,20.080812444796656,3.6119651029954296,278958565.0,317301149.0,0.0,3.0,0.0,0.0,0.0,0.0,0.07395,55.2625,0.005900000000000001,6.504,9.0962635,0.401,2.678,5.9445,0.09915,1.603,0.8146985067230695
2,31,0,failure_and_attribution_analysis\full_project_runs\20260514_155731\simulation_data\4\20260514_155731\current_session,session_0000,2,31,2,"90,100",4.0,0.1202480860505154,0.557556015030423,0.5864247916077079,0.0865118364052492,42.585223968617676,17.49213841534063,3.3634748981257245,439566283.0,421200137.0,0.0,0.0,0.0,0.0,0.0,0.0,0.18910000000000002,119.993,0.0037999999999999996,5.558,11.162504,0.38,2.6715,4.75,0.15914999999999999,2.4095000000000004,0.8502793260141335
2,32,0,failure_and_attribution_analysis\full_project_runs\20260514_155731\simulation_data\4\20260514_155731\current_session,session_0000,2,32,2,"90,100",4.0,0.26855919332377126,0.3654532158821776,0.3654532158821776,0.128993386223311,41.767601514739695,15.686180628444982,3.4234804004216537,100000000.0,421099696.0,0.0,4.0,0.0,0.0,0.0,0.0,0.17615,85.9775,0.00135,5.9065,9.0484515,0.3345,1.8065000000000002,5.291,0.095,1.6225,0.7792978915280502
2,33,0,failure_and_attribution_analysis\full_project_runs\20260514_155731\simulation_data\4\20260514_155731\current_session,session_0000,2,33,2,"90,100",4.0,0.5823452030193017,0.35622045727149165,0.35622045727149165,0.13276786547654762,43.1566048292883,16.582030279244037,3.152629252624356,154872659.0,377148917.0,0.0,0.0,0.0,0.0,0.0,4.0,0.60875,188.8495,0.01425,5.4315,-0.7478705,0.356,2.0010000000000003,5.5760000000000005,0.052500000000000005,1.1385,0.10938944338275353
3,34,0,failure_and_attribution_analysis\full_project_runs\20260514_155731\simulation_data\4\20260514_155731\current_session,session_0000,3,34,2,"90,100",4.0,0.5960107395807895,0.5302115374328065,0.5302115374328065,0.10595738159912399,41.53009488599171,19.203371546530054,3.2075051420061635,535114135.0,500000000.0,0.0,0.0,0.0,0.0,0.0,0.0,0.6083500000000001,55.629,0.0029500000000000004,3.8,4.2164719999999996,0.478,2.354,3.5925,0.15085,2.018,0.8489546710821263
3,35,0,failure_and_attribution_analysis\full_project_runs\20260514_155731\simulation_data\4\20260514_155731\current_session,session_0000,3,35,2,"90,100",4.0,1.0,0.059743961824950675,0.059743961824950675,0.19594609132200252,45.51825598720539,15.713988957840407,3.4857319352807457,124928011.0,500000000.0,4.0,0.0,0.0,0.0,0.0,0.0,0.12495,54.6445,0.0019500000000000003,4.8855,12.843751000000001,0.41600000000000004,1.65,4.3,0.13415,1.4929999999999999,0.8429579683823776
3,36,0,failure_and_attribution_analysis\full_project_runs\20260514_155731\simulation_data\4\20260514_155731\current_session,session_0000,3,36,2,"90,100",4.0,0.3566783743576346,0.8146045399384572,0.8146045399384572,0.028811033553335863,41.86965585582433,21.152315448873424,3.4361104698013443,100000000.0,161682177.0,3.0,0.0,0.0,0.0,0.0,0.0,0.5884499999999999,26.8385,0.00075,3.4425,5.710525499999999,0.405,0.8539999999999999,3.5225,0.0275,0.7205,0.8118314557492539
3,37,0,failure_and_attribution_analysis\full_project_runs\20260514_155731\simulation_data\4\20260514_155731\current_session,session_0000,3,37,2,"90,100",4.0,0.4133218623600097,0.6094558569300093,0.6094558569300093,0.13218080325712817,43.62041396825993,17.23402134512398,3.5984501924811476,100000000.0,274582711.0,0.0,0.0,0.0,0.0,2.0,0.0,0.5625,11.2065,0.00045000000000000004,3.7895000000000003,8.116372,0.3715,0.9390000000000001,3.6075,0.0392,0.8534999999999999,0.9530595429898931
3,38,0,failure_and_attribution_analysis\full_project_runs\20260514_155731\simulation_data\4\20260514_155731\current_session,session_0000,3,38,2,"90,100",4.0,0.2232947360166293,1.0,1.0,0.09738974039610263,41.88104379407532,19.090957891881935,3.606148948244231,100000000.0,150846897.0,0.0,0.0,2.0,0.0,0.0,0.0,0.32,27.9335,0.00065,4.3495,10.522031,0.3875,0.837,4.018000000000001,0.0275,0.7315,0.8867288375046704
3,39,0,failure_and_attribution_analysis\full_project_runs\20260514_155731\simulation_data\4\20260514_155731\current_session,session_0000,3,39,2,"90,100",4.0,0.49679467775928404,0.6265279938863055,0.7792612635971521,0.1259404601054033,43.000581778507474,16.82440853840129,3.4794184114512343,300870988.0,258342637.0,0.0,3.0,0.0,0.0,0.0,0.0,0.51665,42.473,0.0019500000000000001,3.3345000000000002,7.948289,0.4075,1.7235,3.21,0.10414999999999999,1.5995,0.8311865035546446
3,40,0,failure_and_attribution_analysis\full_project_runs\20260514_155731\simulation_data\4\20260514_155731\current_session,session_0000,3,40,2,"90,100",4.0,0.5973758802930608,0.33471403288362755,0.5955419327796342,0.12878330573775718,40.92923146593276,16.756643248318777,3.356215909888149,177392539.0,306632151.0,0.0,0.0,0.0,0.0,0.0,2.0,0.51525,29.614,0.00355,4.082,9.453230999999999,0.44,1.6395,3.8115,0.0925,1.4115,0.918021709862797
3,41,0,failure_and_attribution_analysis\full_project_runs\20260514_155731\simulation_data\4\20260514_155731\current_session,session_0000,3,41,2,"90,100",4.0,0.653519365000214,0.6813330086468984,0.9853686627440621,0.08209159079664174,41.992570733953805,18.238564895825963,3.235154030272999,110656956.0,320630740.0,0.0,0.0,0.0,4.0,0.0,0.0,0.8579,11.9215,0.0011,2.7889999999999997,-10.3919915,0.47150000000000003,0.12,2.3095,0.0533,0.079,0.9225571324090415
3,42,0,failure_and_attribution_analysis\full_project_runs\20260514_155731\simulation_data\4\20260514_155731\current_session,session_0000,3,42,2,"90,100",4.0,0.25510150562471673,0.3352984993262161,0.47372768279679806,0.03339241820726829,42.88730275275925,20.848601699984947,3.510857745406891,100000000.0,300295995.0,0.0,0.0,2.0,0.0,0.0,0.0,0.31075,39.651,0.00065,4.698,9.531613,0.484,0.9744999999999999,4.1665,0.04085,0.8585,0.8679377569158278
3,43,0,failure_and_attribution_analysis\full_project_runs\20260514_155731\simulation_data\4\20260514_155731\current_session,session_0000,3,43,2,"90,100",4.0,0.391832979575477,0.6848881488371639,0.7742843084756743,0.09433033975570373,44.626972166521284,19.335310197884045,3.628628135971363,122670119.0,311650193.0,0.0,0.0,2.0,0.0,0.0,0.0,0.3527,58.907,0.0010500000000000002,3.9909999999999997,10.986578999999999,0.4685,1.187,3.8485,0.0417,1.0365,0.8829734850564841
3,44,0,failure_and_attribution_analysis\full_project_runs\20260514_155731\simulation_data\4\20260514_155731\current_session,session_0000,3,44,2,"90,100",4.0,0.8338635893833826,0.4252185140934778,0.4252185140934778,0.2,43.23966131443811,15.902539615173731,3.356933796756844,538654616.0,425044277.0,0.0,0.0,0.0,0.0,0.0,0.0,0.675,46.0745,0.0035,3.314,3.094763,0.4335,2.8800000000000003,4.1035,0.15000000000000002,2.5835,0.8560051060774687
3,45,0,failure_and_attribution_analysis\full_project_runs\20260514_155731\simulation_data\4\20260514_155731\current_session,session_0000,3,45,2,"90,100",4.0,0.5692897602961725,0.7443653774068684,0.8574652374752645,0.10770221094948842,42.5969544036932,17.34807584541667,3.729769982177995,195707032.0,320820059.0,0.0,3.0,0.0,0.0,0.0,0.0,0.81025,10.817499999999999,0.0014000000000000002,2.6555,2.2608185,0.38,1.5045000000000002,3.8689999999999998,0.0775,1.3599999999999999,0.8533480858306373
3,46,0,failure_and_attribution_analysis\full_project_runs\20260514_155731\simulation_data\4\20260514_155731\current_session,session_0000,3,46,2,"90,100",4.0,0.8854031321649696,0.4717055297457414,0.7986385767151101,0.12078732144468166,43.26036871745536,17.888756254843365,3.870667636299829,418331560.0,386260502.0,4.0,0.0,0.0,0.0,0.0,0.0,0.8607,12.8205,0.003,3.0605,0.10283049999999999,0.41400000000000003,2.2385,2.4665,0.11915,2.0909999999999997,0.8880727953530172
3,47,0,failure_and_attribution_analysis\full_project_runs\20260514_155731\simulation_data\4\20260514_155731\current_session,session_0000,3,47,2,"90,100",4.0,0.8224281982085248,0.5862605214790348,0.6463900911067532,0.14834517499987881,42.85384295619389,16.89361723531506,3.606932667110716,508481339.0,404107557.0,3.0,0.0,0.0,0.0,0.0,0.0,0.9282,7.54,0.00295,2.3465,-1.196895,0.38549999999999995,2.5324999999999998,3.8335,0.12000000000000001,2.4085,0.6233901312129095
3,48,0,failure_and_attribution_analysis\full_project_runs\20260514_155731\simulation_data\4\20260514_155731\current_session,session_0000,3,48,2,"90,100",4.0,0.7534868795067057,0.5922875144044634,0.8529651256025375,0.14704388945365485,43.04618810547646,18.36414267661972,3.5048301056484075,339981338.0,313478291.0,0.0,2.0,0.0,0.0,0.0,0.0,0.70735,32.6355,0.0026499999999999996,2.8525,4.682812,0.42,1.7959999999999998,2.857,0.10165,1.63,0.9101907264695659
3,49,0,failure_and_attribution_analysis\full_project_runs\20260514_155731\simulation_data\4\20260514_155731\current_session,session_0000,3,49,2,"90,100",4.0,0.2754074001946023,0.6482759953272149,0.702662774889969,0.08918568789558183,42.237423505563726,19.005512513760458,3.4328054346962213,357527848.0,500000000.0,0.0,0.0,0.0,0.0,0.0,0.0,0.48885,146.8935,0.0031999999999999997,3.7195,6.9353385,0.393,2.4015000000000004,3.8365,0.1567,2.183,0.8222239162692773
4,50,0,failure_and_attribution_analysis\full_project_runs\20260514_155731\simulation_data\4\20260514_155731\current_session,session_0000,4,50,2,"90,100",4.0,0.32353561385162277,0.25388625112089014,0.25388625112089014,0.18219448296792873,44.47520109579633,17.731276411328583,3.735689007152353,198619553.0,257877991.0,0.0,0.0,0.0,0.0,4.0,0.0,0.16075,93.584,0.0025000000000000005,5.084,12.1372445,0.399,1.589,4.7915,0.11915,1.3980000000000001,0.8662012352834223
4,51,0,failure_and_attribution_analysis\full_project_runs\20260514_155731\simulation_data\4\20260514_155731\current_session,session_0000,4,51,2,"90,100",4.0,0.18911923750516257,0.5410963918126722,0.5442838668903146,0.03781309010944402,42.83629225165633,15.113311529672496,3.161259616122113,100000000.0,139123338.0,0.0,0.0,0.0,4.0,0.0,0.0,0.23174999999999998,17.225,0.00085,5.096,-9.6753965,0.385,1.087,4.7315,0.0575,0.9585,0.91785974987062
4,52,0,failure_and_attribution_analysis\full_project_runs\20260514_155731\simulation_data\4\20260514_155731\current_session,session_0000,4,52,2,"90,100",4.0,0.0826428043372997,0.0,0.0,0.08098672816428958,45.15919943687289,17.553620744413713,3.4577160892205945,191055107.0,297375648.0,0.0,0.0,0.0,0.0,0.0,0.0,0.0,54.985,0.00145,5.1129999999999995,13.339929,0.4365,1.6905000000000001,4.326499999999999,0.07915,1.5390000000000001,0.8674237738838637
4,53,0,failure_and_attribution_analysis\full_project_runs\20260514_155731\simulation_data\4\20260514_155731\current_session,session_0000,4,53,2,"90,100",4.0,0.2692261577408984,0.25067111757300126,0.25067111757300126,0.2,44.57998566639881,16.894166167799753,3.6415936517188463,100000000.0,427206356.0,0.0,3.0,0.0,0.0,0.0,0.0,0.1258,59.1655,0.00165,5.266500000000001,13.8096475,0.392,1.238,4.3695,0.0675,1.081,0.8944090643590573
4,54,0,failure_and_attribution_analysis\full_project_runs\20260514_155731\simulation_data\4\20260514_155731\current_session,session_0000,4,54,2,"90,100",4.0,0.31334046054320397,0.5417300474473173,0.9345765896061533,0.1041141384693985,45.80234737259631,14.575910038482409,3.494010124012479,100000000.0,199101328.0,0.0,0.0,0.0,4.0,0.0,0.0,0.51025,22.740499999999997,0.0008,3.7969999999999997,-12.2313775,0.538,1.296,3.9785000000000004,0.048350000000000004,0.9335,0.8513264372039648
4,55,0,failure_and_attribution_analysis\full_project_runs\20260514_155731\simulation_data\4\20260514_155731\current_session,session_0000,4,55,2,"90,100",4.0,0.7776579579454603,0.36426826478008184,0.7973359266736041,0.18197535450722446,42.33157520749028,17.563328652878234,3.8402387915080585,282580172.0,298258217.0,4.0,0.0,0.0,0.0,0.0,0.0,0.6863000000000001,52.992000000000004,0.0042,3.6310000000000002,3.1026605,0.494,3.2225,3.2045,0.075,1.5695000000000001,0.7479627304164241
4,56,0,failure_and_attribution_analysis\full_project_runs\20260514_155731\simulation_data\4\20260514_155731\current_session,session_0000,4,56,2,"90,100",4.0,0.9869205495290914,0.29497838584615954,0.29497838584615954,0.1896755990522439,43.58363056500718,18.541139172710057,3.3531251899758927,162604106.0,500000000.0,0.0,0.0,0.0,0.0,1.0,0.0,0.42215,61.233000000000004,0.0017000000000000001,3.529,11.152322,0.6579999999999999,1.8365,3.274,0.10414999999999999,1.6764999999999999,0.9081692799421863
4,57,0,failure_and_attribution_analysis\full_project_runs\20260514_155731\simulation_data\4\20260514_155731\current_session,session_0000,4,57,2,"90,100",4.0,0.5526211462702604,0.4435036364443152,0.872986125041737,0.15319216476187694,43.29572628005222,19.482921188349323,3.61561556719018,100000000.0,238847426.0,0.0,2.0,0.0,0.0,0.0,0.0,0.5628500000000001,17.873,0.0008,3.589,8.677400500000001,0.483,0.9834999999999999,3.4745,0.0358,0.8115,0.9508390701922698
4,58,0,failure_and_attribution_analysis\full_project_runs\20260514_155731\simulation_data\4\20260514_155731\current_session,session_0000,4,58,2,"90,100",4.0,0.4883556353148984,0.4278512420521594,0.4278512420521594,0.12616935114807426,46.0,14.983441658983402,3.596428008864519,325247614.0,338364562.0,0.0,0.0,0.0,0.0,0.0,0.0,0.395,42.037499999999994,0.0022,5.5205,7.393051999999999,0.492,2.1915,4.3465,0.07665,1.9385000000000001,0.782911983788821
4,59,0,failure_and_attribution_analysis\full_project_runs\20260514_155731\simulation_data\4\20260514_155731\current_session,session_0000,4,59,2,"90,100",4.0,0.37683403732580534,0.4747889995051884,0.5894890508746181,0.08086936294817756,42.738279745875026,18.08438872441495,3.729255358432681,396136184.0,499304877.0,0.0,0.0,0.0,0.0,0.0,0.0,0.5093,84.735,0.0041,4.3420000000000005,5.5001695,0.46199999999999997,3.7865,4.08,0.22415,3.466,0.7356667824461043
4,60,0,failure_and_attribution_analysis\full_project_runs\20260514_155731\simulation_data\4\20260514_155731\current_session,session_0000,4,60,2,"90,100",4.0,0.3219589586920535,0.3951978394454546,0.6565963429893993,0.08573847064072548,45.472242364061366,19.671094508125247,3.8178855030693333,100000000.0,214857684.0,0.0,0.0,0.0,0.0,0.0,0.0,0.4366,14.3015,0.00075,4.2385,6.769177,0.5605,1.5925,3.7779999999999996,0.0383,1.4395,0.9203756030150786
4,61,0,failure_and_attribution_analysis\full_project_runs\20260514_155731\simulation_data\4\20260514_155731\current_session,session_0000,4,61,2,"90,100",4.0,0.09565839166830875,0.14589358498762506,0.14589358498762506,0.13359731674977082,45.25079428795952,15.739706696296947,3.393556136779962,100000000.0,466683569.0,0.0,0.0,0.0,0.0,0.0,0.0,0.1099,44.2485,0.0007,4.769,10.375074,0.489,1.426,3.7795,0.0367,1.2615,0.8184309251333385
4,62,0,failure_and_attribution_analysis\full_project_runs\20260514_155731\simulation_data\4\20260514_155731\current_session,session_0000,4,62,2,"90,100",4.0,0.4479181041360852,0.21257756023284552,0.21257756023284552,0.09819743627589024,42.45365641660441,15.517577206578272,3.5973500513534606,100000000.0,268901721.0,0.0,0.0,0.0,0.0,4.0,0.0,0.17045,7.974499999999999,0.0006,5.375,6.8668625,0.588,0.6234999999999999,4.672000000000001,0.01085,0.453,0.9688278767896561
4,63,0,failure_and_attribution_analysis\full_project_runs\20260514_155731\simulation_data\4\20260514_155731\current_session,session_0000,4,63,2,"90,100",4.0,0.3726030415854144,0.12033467472909498,0.7533159353095887,0.08723881456206725,44.11559172675102,15.634184985026295,3.2176425240435105,138040770.0,358545185.0,0.0,0.0,0.0,0.0,2.0,0.0,0.0718,21.989,0.0023,6.2355,7.917598999999999,0.5209999999999999,2.145,5.9495000000000005,0.05500000000000001,1.6059999999999999,0.8510793655438404
4,64,0,failure_and_attribution_analysis\full_project_runs\20260514_155731\simulation_data\4\20260514_155731\current_session,session_0000,4,64,2,"90,100",4.0,0.12648261212362455,0.491854189746591,0.6447020675945511,0.09389554077287628,44.567424077639416,18.87882773244064,3.601388630797845,100000000.0,438029949.0,0.0,0.0,0.0,0.0,0.0,1.0,0.16335,23.878500000000003,0.0015,5.841,9.5018265,0.5385,1.2285,5.635,0.055,1.044,0.8547464077729692
4,65,0,failure_and_attribution_analysis\full_project_runs\20260514_155731\simulation_data\4\20260514_155731\current_session,session_0000,4,65,2,"90,100",4.0,0.24101706495220235,0.5635713130318512,0.6388061199262046,0.09392726212899927,43.597390665884625,16.839795698030656,3.64132191630298,100000000.0,120087885.0,4.0,0.0,0.0,0.0,0.0,0.0,0.438,37.73,0.0017000000000000001,5.0085,8.388505,0.486,0.7065,5.095000000000001,0.03585,0.542,0.8908485278812092
5,66,0,failure_and_attribution_analysis\full_project_runs\20260514_155731\simulation_data\4\20260514_155731\current_session,session_0000,5,66,2,"90,100",4.0,0.17009292179657576,0.5198216639817904,0.5198216639817904,0.10575567076214078,44.12735448171274,17.0693619285021,4.0,100000000.0,183330228.0,0.0,0.0,0.0,0.0,0.0,0.0,0.14765,21.070500000000003,0.0008,6.0745000000000005,11.551415500000001,0.552,0.9045,5.4325,0.0342,0.7565,0.9063783449994443
5,67,0,failure_and_attribution_analysis\full_project_runs\20260514_155731\simulation_data\4\20260514_155731\current_session,session_0000,5,67,2,"90,100",4.0,0.3767307125342285,0.11938659664233403,0.6534810645421382,0.10997310384340407,43.37586572504295,17.099060247383566,3.748880747505992,100000000.0,306869715.0,0.0,0.0,2.0,0.0,0.0,0.0,0.20745,40.695,0.00135,6.2635000000000005,9.6284155,0.578,1.1175,5.2645,0.048299999999999996,0.8645,0.7953939251219749
5,68,0,failure_and_attribution_analysis\full_project_runs\20260514_155731\simulation_data\4\20260514_155731\current_session,session_0000,5,68,2,"90,100",4.0,0.7645911438846849,0.3769143558091861,0.8545319695489109,0.09037848836055173,40.026410682761664,19.864764955443725,3.278245151005159,346499495.0,375031102.0,0.0,0.0,0.0,0.0,0.0,0.0,0.7734000000000001,21.096,0.0058,3.9705000000000004,-0.04526949999999996,0.5529999999999999,3.29,5.2075,0.18079999999999996,2.3310000000000004,0.8355207270548952
5,69,0,failure_and_attribution_analysis\full_project_runs\20260514_155731\simulation_data\4\20260514_155731\current_session,session_0000,5,69,2,"90,100",4.0,0.7608971704900869,0.5319568930842316,0.5319568930842316,0.17270149121728245,42.03803275399017,15.223637956961939,3.8286890766414605,414093155.0,423484070.0,0.0,0.0,1.0,0.0,0.0,0.0,0.71805,56.579499999999996,0.00315,3.201,3.1968885,0.514,2.755,4.314500000000001,0.14835,2.476,0.8167926262849886
5,70,0,failure_and_attribution_analysis\full_project_runs\20260514_155731\simulation_data\4\20260514_155731\current_session,session_0000,5,70,2,"90,100",4.0,0.5746862194155772,0.4196801570174137,0.4196801570174137,0.1203262421384509,41.93403551898453,17.30576034941473,3.2262956615104406,303140849.0,379187603.0,0.0,0.0,0.0,0.0,0.0,1.0,0.7029000000000001,14.342,0.0011,3.933,2.6712355,0.6154999999999999,2.2225,4.5,0.09585,2.059,0.8888736330474558
5,71,0,failure_and_attribution_analysis\full_project_runs\20260514_155731\simulation_data\4\20260514_155731\current_session,session_0000,5,71,2,"90,100",4.0,0.49950140689515693,0.30672801693215657,0.30672801693215657,0.07426853792785963,43.1703377648111,18.69646153859308,3.762339305775715,182570665.0,237417009.0,0.0,0.0,0.0,1.0,0.0,0.0,0.55725,12.4025,0.00125,5.1815,3.3954005,0.5754999999999999,1.2495,5.6,0.06415,1.053,0.9175196135505626
5,72,0,failure_and_attribution_analysis\full_project_runs\20260514_155731\simulation_data\4\20260514_155731\current_session,session_0000,5,72,2,"90,100",4.0,0.9949549554506771,0.0,0.6492557733782682,0.012546354311811461,41.874045529109786,15.98353999437864,3.270812286985132,196772361.0,331229041.0,0.0,0.0,0.0,0.0,0.0,0.0,0.01665,63.8705,0.006,5.911,13.3571795,0.387,1.9264999999999999,4.874499999999999,0.10750000000000001,1.4835,0.8685229729345727
5,73,0,failure_and_attribution_analysis\full_project_runs\20260514_155731\simulation_data\4\20260514_155731\current_session,session_0000,5,73,2,"90,100",4.0,0.6210035344892655,0.2131373666882418,0.2131373666882418,0.01599318564993471,40.55689847848476,17.188479313627788,3.6588634438343433,421410604.0,451588915.0,0.0,0.0,0.0,0.0,0.0,0.0,0.27954999999999997,77.29400000000001,0.00375,5.53,8.73422,0.4235,3.106,5.087,0.14329999999999998,2.6494999999999997,0.8261692098642923
5,74,0,failure_and_attribution_analysis\full_project_runs\20260514_155731\simulation_data\4\20260514_155731\current_session,session_0000,5,74,2,"90,100",4.0,0.31855136568467424,0.7023616943033784,0.9433665761728365,0.022191515478184348,42.47279298581809,17.385608427133008,4.0,301026960.0,305263093.0,0.0,0.0,0.0,0.0,0.0,0.0,0.6991,49.2675,0.0020499999999999997,3.6155,3.3250445,0.4255,1.6595,4.1165,0.10250000000000001,1.4425,0.8753480913286802
5,75,0,failure_and_attribution_analysis\full_project_runs\20260514_155731\simulation_data\4\20260514_155731\current_session,session_0000,5,75,2,"90,100",4.0,0.8011632708432584,0.4829924392962377,0.9110778158200401,0.11702547457665363,42.55397776057493,14.000001,4.0,306164312.0,297311319.0,0.0,0.0,0.0,0.0,0.0,0.0,0.85345,5.2435,0.0042,3.2,-0.6544209999999999,0.41900000000000004,2.165,4.75,0.125,1.6124999999999998,0.7488993335276202
5,76,0,failure_and_attribution_analysis\full_project_runs\20260514_155731\simulation_data\4\20260514_155731\current_session,session_0000,5,76,2,"90,100",4.0,0.7641814727757925,0.22172211064625674,0.22172211064625674,0.023889716832778296,40.71683094172051,17.305198112091297,3.7113071578518957,323116459.0,329276502.0,0.0,0.0,0.0,0.0,0.0,3.0,0.7958500000000001,6.397,0.0082,5.4455,1.6755125,0.4235,2.9955000000000003,6.55,0.04335,1.9545,0.8502222677760979
5,77,0,failure_and_attribution_analysis\full_project_runs\20260514_155731\simulation_data\4\20260514_155731\current_session,session_0000,5,77,2,"90,100",4.0,0.7326731999453778,0.5120542666257899,0.7015561344160871,0.11058659274194668,43.132592780155214,15.196978237462679,3.698510943159602,100000000.0,225888388.0,0.0,0.0,0.0,0.0,0.0,0.0,0.7161500000000001,24.141000000000002,0.0010500000000000002,3.4135,4.2312475,0.393,0.509,4.425,0.0675,0.411,0.8745487118933446
5,78,0,failure_and_attribution_analysis\full_project_runs\20260514_155731\simulation_data\4\20260514_155731\current_session,session_0000,5,78,2,"90,100",4.0,0.3350597416704077,0.37629041029646093,0.37629041029646093,0.14058444813282625,42.98130598156496,18.523685530295964,3.7780298953535283,355321698.0,373243103.0,0.0,0.0,0.0,0.0,0.0,0.0,0.33335000000000004,80.737,0.00145,5.011,7.379811,0.41000000000000003,1.9895,4.2645,0.09584999999999999,1.7875,0.7821688855948667
5,79,0,failure_and_attribution_analysis\full_project_runs\20260514_155731\simulation_data\4\20260514_155731\current_session,session_0000,5,79,2,"90,100",4.0,0.9303206669917827,0.45353899099303235,0.5252945216272218,0.0811257342364415,43.31632450266919,16.02315054576283,3.29630417105818,100000000.0,384684323.0,4.0,0.0,0.0,0.0,0.0,0.0,0.7226,49.3595,0.0022,3.6445,3.9911445,0.435,0.9910000000000001,4.4925,0.0542,0.695,0.8671164759717949
5,80,0,failure_and_attribution_analysis\full_project_runs\20260514_155731\simulation_data\4\20260514_155731\current_session,session_0000,5,80,2,"90,100",4.0,0.7309381174660824,0.7411619051860945,0.9444222714009338,0.07687281024319921,42.46742822088345,19.55786585898932,3.6570173086573954,153301934.0,380414491.0,0.0,0.0,0.0,0.0,0.0,0.0,0.79705,6.641,0.0015,2.286,3.0850645,0.432,1.9665,3.143,0.07915,1.8410000000000002,0.9016760660703937
5,81,0,failure_and_attribution_analysis\full_project_runs\20260514_155731\simulation_data\4\20260514_155731\current_session,session_0000,5,81,2,"90,100",4.0,1.0,0.2870186156164562,0.2870186156164562,0.029599436822636237,42.75065429852175,14.721533606396758,3.4643207646411938,100000000.0,136702780.0,0.0,0.0,0.0,0.0,0.0,0.0,0.5313,12.856,0.0005,3.1165000000000003,8.893607,0.429,0.9430000000000001,2.998,0.04415,0.8674999999999999,0.9234285182644253
6,82,0,failure_and_attribution_analysis\full_project_runs\20260514_155731\simulation_data\4\20260514_155731\current_session,session_0000,6,82,2,"90,100",4.0,0.14302927795163034,0.14708875441657537,0.7499878732298069,0.18949710646254778,42.71346995422248,16.41904943015241,3.4819958577349754,174732603.0,347710549.0,0.0,0.0,0.0,0.0,0.0,0.0,0.060599999999999994,36.8915,0.00125,5.0825,13.072879,0.3955,2.0975,4.1055,0.09085,1.8864999999999998,0.8501288238210245
6,83,0,failure_and_attribution_analysis\full_project_runs\20260514_155731\simulation_data\4\20260514_155731\current_session,session_0000,6,83,2,"90,100",4.0,0.6043793026295664,0.5842942804815543,0.5842942804815543,0.1210481101646607,44.18112484011202,15.8843231528679,3.535781782859222,213217129.0,306802393.0,0.0,4.0,0.0,0.0,0.0,0.0,0.6234999999999999,64.689,0.0016,3.3674999999999997,6.074483,0.389,1.499,3.6855,0.08750000000000001,1.3279999999999998,0.8202783927147133
6,84,0,failure_and_attribution_analysis\full_project_runs\20260514_155731\simulation_data\4\20260514_155731\current_session,session_0000,6,84,2,"90,100",4.0,0.7949589863989838,0.07509377316234783,0.6352198333394443,0.08156630732134229,40.65625089316943,16.445739754066725,3.3056938780385297,100000000.0,253579402.0,0.0,0.0,0.0,0.0,0.0,0.0,0.10685,21.401,0.00115,5.0954999999999995,12.199902999999999,0.41600000000000004,0.974,4.446,0.042499999999999996,0.745,0.9012910264276485
6,85,0,failure_and_attribution_analysis\full_project_runs\20260514_155731\simulation_data\4\20260514_155731\current_session,session_0000,6,85,2,"90,100",4.0,0.19779049231800533,0.24662252819123995,0.750780161362887,0.1264686616378584,44.08514448159423,17.32158601859654,3.592987648459845,100000000.0,247797851.0,0.0,2.0,0.0,0.0,0.0,0.0,0.08289999999999999,70.90700000000001,0.0016,4.734,14.387337500000001,0.384,1.1865,4.0135000000000005,0.07250000000000001,1.0425,0.8596038193415768
6,86,0,failure_and_attribution_analysis\full_project_runs\20260514_155731\simulation_data\4\20260514_155731\current_session,session_0000,6,86,2,"90,100",4.0,0.12866863586771493,0.39942958376961674,0.5906571613075455,0.15082265141180887,45.8425827330288,17.220874550664757,3.39936023438407,100000000.0,311144684.0,0.0,0.0,4.0,0.0,0.0,0.0,0.08660000000000001,139.313,0.0011,4.5555,15.2541345,0.48850000000000005,1.0705,3.8815,0.06665,0.9239999999999999,0.8514510196230284
6,87,0,failure_and_attribution_analysis\full_project_runs\20260514_155731\simulation_data\4\20260514_155731\current_session,session_0000,6,87,2,"90,100",4.0,0.6645494104420187,0.41754239088582557,0.41754239088582557,0.001644682121730856,43.99289018713678,17.17683937497771,3.2286861439217525,100000000.0,308704535.0,0.0,1.0,0.0,0.0,0.0,0.0,0.54735,24.68,0.0012000000000000001,3.4265,8.801668,0.4265,1.17,3.7065,0.07665,1.0455,0.94149530412979
6,88,0,failure_and_attribution_analysis\full_project_runs\20260514_155731\simulation_data\4\20260514_155731\current_session,session_0000,6,88,2,"90,100",4.0,0.541187533446029,0.3289899432963115,0.4523217420165613,0.07344702292717556,44.98646573209986,19.72618102065119,3.770624704496422,103714942.0,297366948.0,0.0,0.0,0.0,0.0,0.0,0.0,0.37805,40.81,0.00145,3.7085,11.860606,0.439,1.101,3.6855,0.07250000000000001,0.9904999999999999,0.8806526761475737
6,89,0,failure_and_attribution_analysis\full_project_runs\20260514_155731\simulation_data\4\20260514_155731\current_session,session_0000,6,89,2,"90,100",4.0,0.5748237597373427,0.3590858230726575,0.6648854058820952,0.06497299366454898,42.839453309096406,17.453328621340575,3.2294508945660714,176612083.0,320251812.0,0.0,0.0,0.0,0.0,0.0,4.0,0.8076,44.759,0.00995,5.4795,-1.0791344999999999,0.39249999999999996,1.2765,6.9875,0.030000000000000002,0.5935,0.055530361172358836
6,90,0,failure_and_attribution_analysis\full_project_runs\20260514_155731\simulation_data\4\20260514_155731\current_session,session_0000,6,90,2,"90,100",4.0,0.4356064127546709,0.5139722468498212,0.5193291905359928,0.07311888074704415,43.3796783196834,14.811229886145288,3.500753285422905,100000000.0,187607247.0,0.0,0.0,3.0,0.0,0.0,0.0,0.6276999999999999,9.4715,0.0006,3.73,6.890347,0.44699999999999995,0.9445,4.0465,0.04,0.8554999999999999,0.8817045990777141
6,91,0,failure_and_attribution_analysis\full_project_runs\20260514_155731\simulation_data\4\20260514_155731\current_session,session_0000,6,91,2,"90,100",4.0,0.593432258190042,0.43767428387971236,1.0,0.07123935177984711,41.4242339584252,16.347517615552615,3.373944521077088,100000000.0,260590483.0,0.0,0.0,0.0,0.0,0.0,0.0,0.97295,5.127,0.00075,2.243,-0.9547950000000001,0.39749999999999996,1.104,1.0,0.06585,1.0655,0.4448099246841425
6,92,0,failure_and_attribution_analysis\full_project_runs\20260514_155731\simulation_data\4\20260514_155731\current_session,session_0000,6,92,2,"90,100",4.0,0.4681239146926523,0.6071578851071966,0.84048894343674,0.03505220848589358,43.89863608186525,16.92094287914445,3.4295947237388296,100000000.0,346067907.0,0.0,0.0,0.0,3.0,0.0,0.0,0.55535,17.116,0.0012000000000000001,3.429,-1.536942,0.44,1.4855,3.6875,0.065,1.3785,0.8578723465525113
6,93,0,failure_and_attribution_analysis\full_project_runs\20260514_155731\simulation_data\4\20260514_155731\current_session,session_0000,6,93,2,"90,100",4.0,0.4929926581766646,0.24259178024910377,0.6408112885415108,0.09934002934642064,42.8864429096312,18.391362392318882,3.3709943485232565,100000000.0,284231310.0,0.0,0.0,2.0,0.0,0.0,0.0,0.28995,32.835,0.0024,4.508,14.4624805,0.455,1.086,4.29,0.08,0.8879999999999999,0.8941613974052276
6,94,0,failure_and_attribution_analysis\full_project_runs\20260514_155731\simulation_data\4\20260514_155731\current_session,session_0000,6,94,2,"90,100",4.0,0.057613511089008695,0.3519480722496998,0.7224562823006634,0.08520248666853526,42.68158746605833,17.733342474667435,3.46085388548039,100000000.0,181264280.0,0.0,0.0,0.0,0.0,0.0,0.0,0.06225,23.0335,0.00075,5.5375,14.8760165,0.4255,1.0234999999999999,4.747999999999999,0.0625,0.9199999999999999,0.9009133177622535
6,95,0,failure_and_attribution_analysis\full_project_runs\20260514_155731\simulation_data\4\20260514_155731\current_session,session_0000,6,95,2,"90,100",4.0,0.15253198320264283,0.3721416009386517,0.3721416009386517,0.13476899463090275,43.06939525433968,17.249801501938773,3.2273758587036347,100000000.0,288709048.0,4.0,0.0,0.0,0.0,0.0,0.0,0.16515,39.797,0.0012000000000000001,5.503,12.515246000000001,0.3725,1.428,4.9094999999999995,0.0592,1.2475,0.9124775004371661
6,96,0,failure_and_attribution_analysis\full_project_runs\20260514_155731\simulation_data\4\20260514_155731\current_session,session_0000,6,96,2,"90,100",4.0,0.47418241246778137,0.3660785669351862,0.5921929515103694,0.13480917173984464,40.55860832004302,17.727455386580218,3.527180481118249,100000000.0,198822114.0,0.0,0.0,0.0,0.0,0.0,0.0,0.4172,26.1815,0.00085,4.0655,9.930572999999999,0.377,1.0755,4.18,0.06165,0.966,0.8967088798516611
6,97,0,failure_and_attribution_analysis\full_project_runs\20260514_155731\simulation_data\4\20260514_155731\current_session,session_0000,6,97,2,"90,100",4.0,0.45800209889139537,0.5141496462300166,0.6978435821663748,0.1438874943844841,43.82594293737218,17.308630634825395,3.401767758088714,100000000.0,285008044.0,0.0,3.0,0.0,0.0,0.0,0.0,0.52275,19.700499999999998,0.00095,3.658,8.908908499999999,0.393,0.7849999999999999,3.2415,0.04,0.683,0.8440763673031003
7,98,0,failure_and_attribution_analysis\full_project_runs\20260514_155731\simulation_data\4\20260514_155731\current_session,session_0000,7,98,2,"90,100",4.0,0.6911092691391832,0.3964754967262568,0.3964754967262568,0.10655926926348587,43.6859046478184,17.122137976092464,3.010984362791954,100000000.0,317692514.0,0.0,0.0,0.0,0.0,0.0,0.0,0.7529000000000001,9.224,0.00065,3.4055,3.8123815,0.4205,1.1935,3.4025,0.057499999999999996,1.106,0.7712020096934309
7,99,0,failure_and_attribution_analysis\full_project_runs\20260514_155731\simulation_data\4\20260514_155731\current_session,session_0000,7,99,2,"90,100",4.0,0.550173461048133,0.3911202879134086,0.6687269448691935,0.08349878105543519,43.792941044465366,16.654082046468314,3.1118364560148186,100000000.0,194088136.0,0.0,0.0,0.0,0.0,0.0,0.0,0.538,26.4185,0.00175,3.8245,8.162226,0.402,0.6495,3.5515,0.0558,0.52,0.8841891582796895
7,100,0,failure_and_attribution_analysis\full_project_runs\20260514_155731\simulation_data\4\20260514_155731\current_session,session_0000,7,100,2,"90,100",4.0,1.0,0.4675083041402278,0.7335305906773383,0.11643720744208066,42.06904475208361,16.520253716016498,3.581291878754376,240419434.0,249943546.0,0.0,0.0,0.0,0.0,0.0,0.0,0.93895,1.1825,0.00185,2.7075,-0.5837129999999999,0.4295,1.631,2.8335,0.0733,1.487,0.9184340888737998
7,101,0,failure_and_attribution_analysis\full_project_runs\20260514_155731\simulation_data\4\20260514_155731\current_session,session_0000,7,101,2,"90,100",4.0,0.5477859421290829,0.12552916104236533,0.12552916104236533,0.04921686144834364,42.29530843851988,15.616585150868676,3.6946557056109244,100000000.0,220578990.0,0.0,0.0,0.0,0.0,1.0,0.0,0.1387,21.741,0.00075,4.468500000000001,14.518343000000002,0.38849999999999996,0.8375,3.9050000000000002,0.036699999999999997,0.739,0.9210754583707859
7,102,0,failure_and_attribution_analysis\full_project_runs\20260514_155731\simulation_data\4\20260514_155731\current_session,session_0000,7,102,2,"90,100",4.0,0.7169132594922749,0.818995129082138,0.818995129082138,0.09140632992753472,40.000001,18.739124086499537,3.5382924920506116,180137900.0,383993222.0,0.0,0.0,0.0,0.0,0.0,0.0,1.0,0.0,0.0006000000000000001,2.0540000000000003,-1.436109,0.41000000000000003,0.0,0.0,0.0542,0.0,0.0
7,103,0,failure_and_attribution_analysis\full_project_runs\20260514_155731\simulation_data\4\20260514_155731\current_session,session_0000,7,103,2,"90,100",4.0,0.5248103616811881,0.3065955087910235,0.3065955087910235,0.09345973580145223,44.75387878787764,17.278014587972972,3.7583065965044753,100000000.0,141448812.0,0.0,0.0,0.0,0.0,0.0,0.0,0.43920000000000003,15.169,0.0008500000000000001,3.848,10.634801,0.3955,0.6595,4.0265,0.0408,0.5655,0.9407125110406012
7,104,0,failure_and_attribution_analysis\full_project_runs\20260514_155731\simulation_data\4\20260514_155731\current_session,session_0000,7,104,2,"90,100",4.0,0.1086202691337968,0.5716753286272296,0.5716753286272296,0.0270468249042361,45.960862937825816,14.92402550238495,3.020614237604347,100000000.0,121701249.0,0.0,0.0,0.0,0.0,0.0,0.0,0.2949,33.573,0.00075,4.7545,12.803663,0.4325,0.746,4.2965,0.04585,0.6365,0.9257987696336593
7,105,0,failure_and_attribution_analysis\full_project_runs\20260514_155731\simulation_data\4\20260514_155731\current_session,session_0000,7,105,2,"90,100",4.0,0.5751653115916402,0.0,0.2858086049738008,0.08932847279794551,42.83345681057508,15.471610029035263,3.765392399504124,100000000.0,239923569.0,0.0,0.0,0.0,0.0,0.0,0.0,0.0,84.50999999999999,0.0015500000000000002,5.175,15.656946999999999,0.41100000000000003,1.3199999999999998,4.3115000000000006,0.08580000000000002,1.169,0.8789517188201416
7,106,0,failure_and_attribution_analysis\full_project_runs\20260514_155731\simulation_data\4\20260514_155731\current_session,session_0000,7,106,2,"90,100",4.0,0.7265607383785785,0.2128715147401447,0.2128715147401447,0.15179487060436647,40.000001,21.084247435917742,3.1286602619767296,100000000.0,429019636.0,0.0,1.0,0.0,0.0,0.0,0.0,0.49805,46.353,0.0018,4.0015,7.8176925,0.404,1.267,4.1375,0.0892,1.1115,0.8553870566676093
7,107,0,failure_and_attribution_analysis\full_project_runs\20260514_155731\simulation_data\4\20260514_155731\current_session,session_0000,7,107,2,"90,100",4.0,0.6019646930040665,0.34237137874906476,0.8356627046815714,0.1373913034946888,42.10878977581623,17.30767861918291,3.3950584838988016,100000000.0,136382415.0,0.0,0.0,0.0,0.0,0.0,0.0,0.5785499999999999,9.9485,0.00095,3.8975,6.9605415,0.44,0.6355,4.139,0.04085,0.497,0.8154476640431494
7,108,0,failure_and_attribution_analysis\full_project_runs\20260514_155731\simulation_data\4\20260514_155731\current_session,session_0000,7,108,2,"90,100",4.0,0.5902425717704788,0.2606063721137277,0.2606063721137277,0.109350552257834,42.2415498487145,20.800592380186885,3.3900065858471233,100000000.0,206697286.0,0.0,3.0,0.0,0.0,0.0,0.0,0.45845,15.592,0.00125,4.371,9.816380500000001,0.405,1.0859999999999999,4.116,0.0625,0.9424999999999999,0.9040319955122532
7,109,0,failure_and_attribution_analysis\full_project_runs\20260514_155731\simulation_data\4\20260514_155731\current_session,session_0000,7,109,2,"90,100",4.0,0.5609440493465822,0.37705251597349393,0.37705251597349393,0.09097211177440373,44.69137240758041,21.149023775515126,3.073183516413867,266925919.0,283044127.0,0.0,0.0,0.0,0.0,0.0,0.0,0.48445000000000005,52.919,0.0017000000000000001,4.004,8.116402,0.455,1.871,4.837,0.08750000000000001,1.649,0.8814555000044639
7,110,0,failure_and_attribution_analysis\full_project_runs\20260514_155731\simulation_data\4\20260514_155731\current_session,session_0000,7,110,2,"90,100",4.0,0.6095400483510083,0.6513378626024329,0.8033535843665311,0.11890385262999606,43.17309091836994,17.460856459003764,3.627903377159809,100000000.0,249650275.0,0.0,0.0,0.0,0.0,0.0,0.0,0.84285,11.057500000000001,0.0007,2.468,3.1078125,0.4585,0.9584999999999999,2.9585,0.03665,0.8675,0.9520789419744946
7,111,0,failure_and_attribution_analysis\full_project_runs\20260514_155731\simulation_data\4\20260514_155731\current_session,session_0000,7,111,2,"90,100",4.0,1.0,0.27752410957048,0.40034782675524666,0.150192228361101,41.86168614779974,16.872110649707874,3.4319203378078473,269948120.0,276732276.0,0.0,0.0,0.0,0.0,0.0,0.0,0.71495,6.562,0.0027,3.5435,3.9239425,0.4425,2.6415,3.8535,0.1333,2.4395,0.8679115090854427
7,112,0,failure_and_attribution_analysis\full_project_runs\20260514_155731\simulation_data\4\20260514_155731\current_session,session_0000,7,112,2,"90,100",4.0,0.30658428382256264,0.22284332978972865,0.22284332978972865,0.042243670583362494,43.87855998292376,17.61758885823521,3.340141395382698,173929223.0,304148105.0,1.0,0.0,0.0,0.0,0.0,0.0,0.08174999999999999,52.06400000000001,0.00115,4.644,10.254369,0.4115,1.2894999999999999,4.196,0.045,1.1005,0.8819533935593632
7,113,0,failure_and_attribution_analysis\full_project_runs\20260514_155731\simulation_data\4\20260514_155731\current_session,session_0000,7,113,2,"90,100",4.0,0.8608398898558365,0.4311331865925979,0.5929257096546986,0.15920907235587278,44.66686375021467,22.0,3.2128389963205364,446220052.0,500000000.0,0.0,0.0,0.0,0.0,3.0,0.0,0.7043,35.797,0.00375,2.8529999999999998,3.378915,0.39649999999999996,3.661,3.1625,0.16335,3.32,0.8169461272993805
8,114,0,failure_and_attribution_analysis\full_project_runs\20260514_155731\simulation_data\4\20260514_155731\current_session,session_0000,8,114,2,"90,100",4.0,0.5911009951771298,0.3366836244477353,0.3366836244477353,0.11648945552091733,41.77387886281122,18.621318814325253,3.3781130860798356,882104366.0,413380312.0,0.0,0.0,0.0,4.0,0.0,0.0,0.5518500000000001,191.4445,0.0104,4.505,-17.962491,0.40800000000000003,6.7379999999999995,4.1155,0.275,5.559,0.5820752566964515
8,115,0,failure_and_attribution_analysis\full_project_runs\20260514_155731\simulation_data\4\20260514_155731\current_session,session_0000,8,115,2,"90,100",4.0,1.0,0.157080029214539,0.157080029214539,0.08023489962515021,40.37944252177627,14.000001,3.3608797659146017,695455800.0,500000000.0,0.0,4.0,0.0,0.0,0.0,0.0,0.4266,500.73650000000004,0.0092,4.548,2.965097,0.361,4.275,4.179,0.235,3.5854999999999997,0.6180632641061871
8,116,0,failure_and_attribution_analysis\full_project_runs\20260514_155731\simulation_data\4\20260514_155731\current_session,session_0000,8,116,2,"90,100",4.0,1.0,0.18837352032992782,0.3947915705267695,0.09005717841460201,42.05028804480665,19.688100611873324,3.0600662173301068,558106524.0,241757863.0,0.0,2.0,0.0,0.0,0.0,0.0,0.3043,199.1295,0.00475,4.2515,10.562518,0.398,3.3145,3.7270000000000003,0.19665,2.9515000000000002,0.7937341979064253
8,117,0,failure_and_attribution_analysis\full_project_runs\20260514_155731\simulation_data\4\20260514_155731\current_session,session_0000,8,117,2,"90,100",4.0,1.0,0.03784507902282713,0.03784507902282713,0.07843852788439946,41.78308771542563,15.209971622921932,3.9347355330035034,567661688.0,321298888.0,0.0,0.0,0.0,0.0,0.0,2.0,0.05940000000000001,291.17949999999996,0.00515,5.429,9.659252500000001,0.437,3.5805,4.4515,0.17914999999999998,3.1645,0.7524464807780132
8,118,0,failure_and_attribution_analysis\full_project_runs\20260514_155731\simulation_data\4\20260514_155731\current_session,session_0000,8,118,2,"90,100",4.0,0.44015233568669565,0.40464014886974276,0.40464014886974276,0.17551903725973161,44.003849491594565,19.130763352249815,3.743078259282504,703141033.0,306515097.0,0.0,0.0,0.0,0.0,0.0,0.0,0.4527,131.733,0.00465,3.5919999999999996,3.294497,0.45499999999999996,4.077500000000001,3.322,0.21000000000000002,3.644,0.6900755651264272
8,119,0,failure_and_attribution_analysis\full_project_runs\20260514_155731\simulation_data\4\20260514_155731\current_session,session_0000,8,119,2,"90,100",4.0,0.5335165117763834,0.053147887910134195,0.24730088623242685,0.19393594719369922,41.574740255770905,20.7517543287549,3.6229053775704285,628264356.0,398056244.0,0.0,0.0,0.0,0.0,0.0,0.0,0.0378,175.337,0.008199999999999999,6.0075,7.518165,0.454,4.8469999999999995,5.058,0.25,4.2275,0.7299048182320648
8,120,0,failure_and_attribution_analysis\full_project_runs\20260514_155731\simulation_data\4\20260514_155731\current_session,session_0000,8,120,2,"90,100",4.0,0.6846479722897304,0.0,0.0,0.06985675324663476,43.48394811382788,16.802437872782082,3.7197685733390307,454696675.0,343807179.0,4.0,0.0,0.0,0.0,0.0,0.0,0.0,132.3295,0.0033500000000000005,5.8545,13.067158,0.44699999999999995,3.1175,4.3454999999999995,0.16835,2.799,0.8184784901971723
8,121,0,failure_and_attribution_analysis\full_project_runs\20260514_155731\simulation_data\4\20260514_155731\current_session,session_0000,8,121,2,"90,100",4.0,0.5039943055653009,0.050246830380910046,0.050246830380910046,0.01564576128832114,40.01965904535891,17.004597653663488,3.2334234582465706,941524749.0,500000000.0,0.0,0.0,0.0,0.0,0.0,0.0,0.19815000000000002,184.7665,0.0159,6.9855,-0.708995,0.375,6.2885,5.8055,0.34420000000000006,5.461,0.40949359830379584
8,122,0,failure_and_attribution_analysis\full_project_runs\20260514_155731\simulation_data\4\20260514_155731\current_session,session_0000,8,122,2,"90,100",4.0,0.45499337909180315,0.08423792062884078,0.21578532015068216,0.11737429303905947,42.533272369662114,17.45073385900547,3.5690659195414565,640451734.0,316378490.0,0.0,0.0,0.0,0.0,0.0,0.0,0.11935000000000001,132.35399999999998,0.0066500000000000005,5.963,6.803153,0.47250000000000003,4.795999999999999,5.213,0.25335,4.264,0.6834955912427363
8,123,0,failure_and_attribution_analysis\full_project_runs\20260514_155731\simulation_data\4\20260514_155731\current_session,session_0000,8,123,2,"90,100",4.0,0.4829206171745094,0.37046116853102,0.37046116853102,0.032909025573376854,42.07954301561451,18.669570144070462,3.4599874556731938,671770808.0,449234792.0,1.0,0.0,0.0,0.0,0.0,0.0,0.41995000000000005,135.03,0.0060999999999999995,4.5875,6.332782,0.405,3.8689999999999998,4.224,0.25835,3.4749999999999996,0.7421573385635349
8,124,0,failure_and_attribution_analysis\full_project_runs\20260514_155731\simulation_data\4\20260514_155731\current_session,session_0000,8,124,2,"90,100",4.0,0.024806882008437392,0.13119624040227928,0.13119624040227928,0.0699746052953121,43.420818709941486,15.284000984107598,3.50841185350693,560565837.0,300115575.0,0.0,0.0,0.0,0.0,4.0,0.0,0.0125,115.40700000000001,0.0056500000000000005,6.2085,8.969946,0.441,3.9535,5.115,0.22749999999999998,3.5415,0.7533505285587176
8,125,0,failure_and_attribution_analysis\full_project_runs\20260514_155731\simulation_data\4\20260514_155731\current_session,session_0000,8,125,2,"90,100",4.0,0.46831394366727686,0.2155413163807504,0.2155413163807504,0.0823250551076588,41.79991969377758,15.627407010888183,3.167588118555634,438525071.0,316258828.0,0.0,0.0,0.0,0.0,0.0,0.0,0.3405,75.6455,0.003,4.9455,7.793505,0.423,2.621,3.9575,0.1575,2.404,0.8148095030531373
8,126,0,failure_and_attribution_analysis\full_project_runs\20260514_155731\simulation_data\4\20260514_155731\current_session,session_0000,8,126,2,"90,100",4.0,0.8214310511025479,0.5089021315818358,0.5089021315818358,0.10179430097981544,40.43267698362874,18.45912058012289,3.4691107772071996,381932728.0,326678751.0,0.0,0.0,0.0,0.0,0.0,0.0,0.78735,17.5505,0.0027,2.7424999999999997,1.989529,0.40700000000000003,2.862,2.875,0.16920000000000002,2.5775,0.8152174212520018
8,127,0,failure_and_attribution_analysis\full_project_runs\20260514_155731\simulation_data\4\20260514_155731\current_session,session_0000,8,127,2,"90,100",4.0,1.0,0.4337540582688597,0.6428668656710368,0.16250228204814243,41.43789305123473,14.587369313981586,3.8919397950770107,765611237.0,412516837.0,0.0,0.0,0.0,0.0,0.0,0.0,0.7995,58.557,0.0056,2.735,-0.6832185,0.395,4.2985,2.4375,0.18585000000000002,4.0155,0.785060605287762
8,128,0,failure_and_attribution_analysis\full_project_runs\20260514_155731\simulation_data\4\20260514_155731\current_session,session_0000,8,128,2,"90,100",4.0,0.4032811214243272,0.34632816348024703,0.3650436349671319,0.15968891172698607,44.84974388745516,22.0,3.389138139154155,379782455.0,235561196.0,0.0,0.0,0.0,0.0,0.0,0.0,0.35895,148.3415,0.0032,4.0329999999999995,8.081636,0.4,2.492,3.864,0.1325,2.1945,0.8072030715492132
8,129,0,failure_and_attribution_analysis\full_project_runs\20260514_155731\simulation_data\4\20260514_155731\current_session,session_0000,8,129,2,"90,100",4.0,0.5111747348822824,0.19529308856602495,0.19529308856602495,0.17860287653394727,42.180864244959416,16.804532949157228,3.8570488531993266,981692786.0,488198228.0,0.0,0.0,0.0,0.0,3.0,0.0,0.4242,163.727,0.009899999999999999,5.125,1.2073135000000002,0.4255,7.039,5.1865,0.28250000000000003,6.2065,0.6253348977691577
