round_index,test_id,ConstellationConfig,DegradedEdgeRatio,EdgeDisconnectRatio,EdgeBandwidthMeanDecreaseRatio,EdgeBandwidthDecreaseStd,PoissonRate,MeanIntervalTime,PacketGenerationInterval,PacketSizeMean,PacketSizeStd,StateObservationAttack_level,ActionAttack_level,StateTransferAttack_level,RewardAttack_level,ExperiencePoolAttack_level,ModelTampAttack_level,fail_score,total_membership,total_membership_v2,decision_score,decision_score_v2,fused_score,final_failure_probability,terminal_risk_score,system_failure,true_failure,terminal_hard_failure
0,1,4,0.08,0.1,0.2,0.1,45.0,15.0,4.0,400000000,115470000,0,0,0,0,0,0,0.0,0.1884512435361756,0.24243892955304522,0.11407451644320021,0.11407451644320021,0.0,0.0,0.006518281962732209,False,False,False
1,2,4,1.0,0.3432883468940058,0.3432883468940058,0.2,42.653365201750745,19.01332088049946,3.4359514088839465,100000000,500000000,0,0,0,3,0,0,0.0,0.24513963088802204,0.42561199118437054,0.22171335230621575,0.22171335230621575,0.0,0.0,0.38328874889310843,False,False,True
1,3,4,0.1053974015981885,0.17295965681748043,0.17295965681748043,0.045454566684130865,42.53461306160311,15.60803117536041,3.915622472383782,396522427,332704506,1,0,0,0,0,0,0.0,0.22969294901535542,0.28001763423352366,0.17896074030782724,0.17896074030782724,0.0,0.0,0.13385267166200385,False,False,False
1,4,4,0.0,0.0,0.0,0.0478446910079676,42.172822306287706,17.252218315418652,3.771169260552734,100000000,401135947,0,0,0,0,0,0,0.0,0.2821162129285435,0.28746838589509977,0.1165262807178357,0.1165262807178357,0.0,0.0,0.0,False,False,False
1,5,4,0.8227153340142308,0.40270149815004197,0.6574239360032605,0.09872207736831728,41.30448495512518,17.450723448804165,3.4611856398496044,185405105,333702184,4,0,0,0,0,0,0.0,0.23459327272158617,0.43877204433984585,0.17112909673846635,0.17112909673846635,0.0,0.0,0.3208251084804268,False,False,True
1,6,4,0.49910803539678167,0.3569235423123256,0.3569235423123256,0.08240966048379131,41.801240990162626,17.730833875970394,3.000001,303555585,202998631,0,0,0,0,0,0,0.0,0.2458749843632801,0.31288122015625086,0.13625234050537047,0.13625234050537047,0.0,0.0,0.24044039947244414,False,False,True
1,7,4,0.3736423394045408,0.7183830651857448,0.7615614141429006,0.13260299863498842,43.3122990792512,16.412200520446582,3.2282784736883716,531797884,477033625,0,0,0,0,0,0,0.0,0.24413827697678814,0.43685257817222667,0.3703422416666347,0.3703422416666347,0.0,0.0,0.42813982180194515,False,False,True
1,8,4,0.3879461025207811,0.6159925134970459,0.6850596571962833,0.07241785963766961,44.87145711292428,14.000001,3.3741037886204497,113375155,123444695,0,2,0,0,0,0,0.0,0.21236947534509246,0.3489166962314742,0.21480947131683165,0.21480947131683165,0.0,0.0,0.4390245691750072,False,True,True
1,9,4,0.8962131611356959,0.6823928041916101,0.6823928041916101,0.16715123703078055,43.41735568619728,14.225992676119297,3.528620228866187,100000000,314642838,0,0,0,0,0,0,0.0,0.23879883694434328,0.3525803509516121,0.27835305038224806,0.27835305038224806,0.0,0.0,0.6801270232066301,False,True,True
1,10,4,0.04908951444940929,0.25123723068194365,0.25123723068194365,0.09366342190615219,45.087341317447475,16.213138023877114,3.8209649954592706,164204401,500000000,0,0,0,0,0,0,0.0,0.2953943490011948,0.2973641929276702,0.18085563554803066,0.18085563554803066,0.0,0.0,0.06094460272057303,False,False,False
1,11,4,0.28065784365301516,0.30749449158164854,0.40508073421233837,0.18322719710951957,43.962458823556396,16.74727418284195,3.427513574215919,384930309,500000000,0,0,0,0,0,0,0.0,0.31902639342704253,0.345945930822947,0.3133838021505191,0.3133838021505191,0.0,0.0,0.2749938314711011,False,False,True
1,12,4,0.7333458516896226,0.6714144119232773,0.6969849672940283,0.2,43.33798204952834,18.62156804919835,3.0663193170317045,256419256,260554143,0,0,0,0,0,0,0.0,0.2572090274291225,0.3237259052251646,0.2081625592408838,0.2081625592408838,0.0,0.0,0.4604326492078608,False,True,True
1,13,4,0.6024113500889439,0.0,0.34534248537333606,0.036431217051949696,41.148308012240626,16.33469019195193,3.277571132900495,267578191,184245049,0,0,3,0,0,0,0.0,0.4242625521985879,0.48122690487617337,0.12432719864078952,0.12432719864078952,0.0,0.0,0.0,False,False,False
1,14,4,0.5030875789880223,0.6642187457854373,1.0,0.16510012953316153,42.96817194824917,14.448775595466154,3.438715616178304,100000000,352696170,0,0,0,0,0,2,0.0,0.24947575505644448,0.40930588447301414,0.21961801183839216,0.21961801183839216,0.0,0.0,0.4861466776905974,False,True,True
1,15,4,0.7514547189724555,0.41022517975833916,0.41022517975833916,0.15907004928351637,41.849890729329694,19.02115526729662,3.409986500628934,443741984,411611082,4,0,0,0,0,0,0.0,0.33788675289632614,0.4418246901022227,0.36777265451459706,0.36777265451459706,0.0,0.0,0.4306269128471318,False,False,True
1,16,4,0.5836421846047644,0.4417481155106127,0.4629107522354911,0.14721933354402736,45.34262774858705,17.39719393638408,3.7275470322592827,700508694,500000000,0,3,0,0,0,0,0.0,0.2822269881626029,0.4696598525361619,0.37960277272319415,0.37960277272319415,0.0,0.0,0.4642523692509754,False,True,True
1,17,4,0.3286834474905186,0.6844195665033247,0.7831359252914146,0.13216986347675452,42.66703884581156,16.809878999325665,3.5677539248822336,100000000,499151344,0,2,0,0,0,0,0.0,0.32446080634476926,0.4064816822744568,0.20119114945418703,0.20119114945418703,0.0,0.0,0.4479725475249724,False,False,True
2,18,4,0.21894186901205043,0.5125551653120104,0.6080083942206772,0.09781527880412194,43.11324491733121,14.413570871264524,3.7586847558663297,100000000,136918996,0,0,0,0,3,0,0.0,0.3710199445279396,0.38383868966831625,0.22016832818457688,0.22016832818457688,0.0,0.0,0.2829519728626638,False,False,True
2,19,4,0.07154929233905033,0.6499774293804952,0.9720899933770575,0.04569261574045249,45.61996272299661,14.000001,3.590559992988341,100000000,255077086,0,0,0,0,0,0,0.0,0.4242493875690758,0.3424332326886431,0.13597467694106588,0.13597467694106588,0.0,0.0,0.06506029595789219,False,False,False
2,20,4,0.7182765235306188,0.5588567771304889,0.7233644904660277,0.11458067488185383,41.75301335722731,16.554615490432056,3.455147181989967,117237428,303869071,0,0,3,0,0,0,0.0,0.20513583908040517,0.43508913109704817,0.21258307854616695,0.21258307854616695,0.0,0.0,0.4763087050064837,False,False,True
2,21,4,0.43061267022451477,0.4904944509629971,1.0,0.0721642805338209,43.08423046246476,14.962116582173955,3.548636366506148,100000000,261168877,0,0,0,0,0,2,0.0,0.18420385204191142,0.34760698648812566,0.10895916931760088,0.10895916931760088,0.0,0.0,0.33112417107275205,False,False,True
2,22,4,0.47013743507189615,0.6889169293213395,0.6889169293213395,0.07013898331993815,43.493838329515924,17.874510338822983,3.2057386235939433,100000000,500000000,2,0,0,0,0,0,0.0,0.28415638292126744,0.43354447170782384,0.20585779242977104,0.20585779242977104,0.0,0.0,0.4309056609891212,False,False,True
2,23,4,0.27294326140466074,0.20687582104269575,0.5088901718209503,0.03784463182181533,43.44087361636821,17.71474825812803,3.7114118767378037,312797299,230528690,0,2,0,0,0,0,0.0,0.3004308636948883,0.3420652809598588,0.16290216365697036,0.16290216365697036,0.0,0.0,0.14407858964249487,False,False,False
2,24,4,0.0,0.0,0.0,0.049943650592881667,44.93487149562504,15.582955190123345,3.707692455902859,200921283,172060623,1,0,0,0,0,0,0.0,0.24238728816133612,0.26610691200195397,0.08667141471414078,0.08667141471414078,0.0,0.0,0.0,False,False,False
2,25,4,0.46558762874064874,0.4467838535254982,0.4467838535254982,0.12504521684307496,43.29941066795405,15.722917114428899,3.5182002643141637,100000000,314824019,0,0,0,0,0,0,0.0,0.3374295426833306,0.26445497884089525,0.13466132625024882,0.13466132625024882,0.0,0.0,0.3023224724079278,False,False,True
2,26,4,0.4228240008693261,0.6162102864805432,0.7147130265383774,0.10043846327970465,42.375218882311,18.46943365730033,3.384046776825605,100000000,247260865,0,0,0,0,0,0,0.0,0.24425309982355167,0.3629431925419884,0.17386393999703903,0.17386393999703903,0.0,0.0,0.4132072151014541,False,True,True
2,27,4,0.5617886836155588,0.72785566178698,0.72785566178698,0.14250632671693692,42.48579681147527,16.357383395617056,3.6237166786170403,100000000,279640011,0,2,0,0,0,0,0.0,0.19722014096017373,0.3209083004036287,0.20923300301855957,0.20923300301855957,0.0,0.0,0.4311646314399944,False,True,True
2,28,4,0.40909866928961763,0.31134693634531546,0.780966840400523,0.08092620569300507,40.40801032223596,17.825006678370176,3.755954014299692,190483745,358666728,0,0,0,0,0,0,0.0,0.29467815489672433,0.3172833062323921,0.19371241810983666,0.19371241810983666,0.0,0.0,0.375741365060433,False,False,True
2,29,4,0.4919896245808839,0.5056046035851893,0.5056046035851893,0.11877392990955468,42.944634716338356,17.356098564573138,3.5556032859435076,327987598,364085967,4,0,0,0,0,0,0.0,0.28825887869586697,0.3261111036578868,0.19875711492110026,0.19875711492110026,0.0,0.0,0.3844106923684912,False,False,True
2,30,4,0.8191437033806962,0.0,0.7288940896662219,0.12891848157813074,42.19283969875892,20.08081244128043,3.6119651010808034,278958564,317301150,0,3,0,0,0,0,0.0,0.28652862946137025,0.26129903362397255,0.2321908009689084,0.2321908009689084,0.0,0.0,0.10499479713875373,False,False,False
2,31,4,0.12024808912223289,0.5575560194227982,0.5864247957991449,0.08651183671884176,42.58522395701512,17.492138417712866,3.363474897601488,439566282,421200136,0,0,0,0,0,0,0.0,0.3448168525396236,0.3330882537483222,0.262481238213198,0.262481238213198,0.0,0.0,0.10427390805425735,False,False,False
2,32,4,0.26855919472465284,0.3654532176979006,0.3654532176979006,0.12899338612425854,41.767601507865045,15.686180640865484,3.423480401386626,100000000,421099695,0,4,0,0,0,0,0.0,0.41978479265554636,0.3159008010893348,0.24815730696263388,0.24815730696263388,0.0,0.0,0.2856333840128584,False,False,True
2,33,4,0.5823452008851485,0.35622045638010874,0.35622045638010874,0.13276786501475846,43.156604832146016,16.582030284771644,3.1526292553066577,154872662,377148915,0,0,0,0,0,4,0.0,0.31994856197765414,0.548977136673555,0.4453400272557812,0.4453400272557812,0.0,0.0,0.4195010867131338,False,True,True
3,34,4,0.5960107395807895,0.5302115374328065,0.5302115374328065,0.10595738159912399,41.53009488599171,19.203371546530054,3.2075051420061635,535114135,500000000,0,0,0,0,0,0,0.0,0.2872254624454379,0.4521641966673158,0.31347053037798345,0.31347053037798345,0.0,0.0,0.49562848703911,True,False,True
3,35,4,1.0,0.059743961824950675,0.059743961824950675,0.19594609132200252,45.51825598720539,15.713988957840407,3.4857319352807457,124928011,500000000,4,0,0,0,0,0,0.0,0.29904928889032584,0.29750085804131543,0.20706340020270073,0.20706340020270073,0.0,0.0,0.08834837048451596,True,False,False
3,36,4,0.3566783743576346,0.8146045399384572,0.8146045399384572,0.028811033553335863,41.86965585582433,21.152315448873424,3.4361104698013443,100000000,161682177,3,0,0,0,0,0,0.0,0.2596978839130551,0.38968736792921554,0.24942399182663266,0.24942399182663266,0.0,0.0,0.4574858293259989,True,True,True
3,37,4,0.4133218623600097,0.6094558569300093,0.6094558569300093,0.13218080325712817,43.62041396825993,17.23402134512398,3.5984501924811476,100000000,274582711,0,0,0,0,2,0,0.0,0.23849113266277655,0.3468629705200594,0.1949757094401449,0.1949757094401449,0.0,0.0,0.25624739676010405,True,False,True
3,38,4,0.2232947360166293,1.0,1.0,0.09738974039610263,41.88104379407532,19.090957891881935,3.606148948244231,100000000,150846897,0,0,2,0,0,0,0.0,0.3980206276470747,0.4966295540071396,0.21416808095067114,0.21416808095067114,0.0,0.0,0.46024155244246373,True,True,True
3,39,4,0.49679467775928404,0.6265279938863055,0.7792612635971521,0.1259404601054033,43.000581778507474,16.82440853840129,3.4794184114512343,300870988,258342637,0,3,0,0,0,0,0.0,0.2475848465315127,0.32973297145498587,0.19853672338710887,0.19853672338710887,0.0,0.0,0.4290330687775801,True,False,True
3,40,4,0.5973758802930608,0.33471403288362755,0.5955419327796342,0.12878330573775718,40.92923146593276,16.756643248318777,3.356215909888149,177392539,306632151,0,0,0,0,0,2,0.0,0.33020302429783244,0.3162567989587019,0.13060804151991046,0.13060804151991046,0.0,0.0,0.2324128695937471,True,False,True
3,41,4,0.653519365000214,0.6813330086468984,0.9853686627440621,0.08209159079664174,41.992570733953805,18.238564895825963,3.235154030272999,110656956,320630740,0,0,0,4,0,0,0.0,0.2400896290013286,0.3995464643742605,0.3210860932545544,0.3210860932545544,0.0,0.0,0.46849162479403833,True,True,True
3,42,4,0.25510150562471673,0.3352984993262161,0.47372768279679806,0.03339241820726829,42.88730275275925,20.848601699984947,3.510857745406891,100000000,300295995,0,0,2,0,0,0,0.0,0.3708896035883163,0.33621845803214095,0.1561386182459697,0.1561386182459697,0.0,0.0,0.20718455216632864,True,False,False
3,43,4,0.391832979575477,0.6848881488371639,0.7742843084756743,0.09433033975570373,44.626972166521284,19.335310197884045,3.628628135971363,122670119,311650193,0,0,2,0,0,0,0.0,0.3210928414416652,0.43527028028863324,0.11898764915830486,0.11898764915830486,0.0,0.0,0.2722608233020147,True,False,True
3,44,4,0.8338635893833826,0.4252185140934778,0.4252185140934778,0.2,43.23966131443811,15.902539615173731,3.356933796756844,538654616,425044277,0,0,0,0,0,0,0.0,0.2842483515513128,0.5419288196117248,0.24505347699129504,0.24505347699129504,0.0,0.0,0.43344258689619086,True,False,True
3,45,4,0.5692897602961725,0.7443653774068684,0.8574652374752645,0.10770221094948842,42.5969544036932,17.34807584541667,3.729769982177995,195707032,320820059,0,3,0,0,0,0,0.0,0.20866623702088016,0.31141427924354004,0.1854596940531959,0.1854596940531959,0.0,0.0,0.48462285116269466,True,False,True
3,46,4,0.8854031321649696,0.4717055297457414,0.7986385767151101,0.12078732144468166,43.26036871745536,17.888756254843365,3.870667636299829,418331560,386260502,4,0,0,0,0,0,0.0,0.2190319873588806,0.4743152367820605,0.2529633897881677,0.2529633897881677,0.0,0.0,0.4422215196053983,True,False,True
3,47,4,0.8224281982085248,0.5862605214790348,0.6463900911067532,0.14834517499987881,42.85384295619389,16.89361723531506,3.606932667110716,508481339,404107557,3,0,0,0,0,0,0.0,0.2715404379508057,0.4273019462177109,0.2783294021009582,0.2783294021009582,0.0,0.0,0.3880492114780418,True,False,True
3,48,4,0.7534868795067057,0.5922875144044634,0.8529651256025375,0.14704388945365485,43.04618810547646,18.36414267661972,3.5048301056484075,339981338,313478291,0,2,0,0,0,0,0.0,0.20813996374115773,0.44341778028060563,0.14854406049197058,0.14854406049197058,0.0,0.0,0.42331717760616483,True,False,True
3,49,4,0.2754074001946023,0.6482759953272149,0.702662774889969,0.08918568789558183,42.237423505563726,19.005512513760458,3.4328054346962213,357527848,500000000,0,0,0,0,0,0,0.0,0.2709566545110211,0.34384843407260957,0.22742040837406124,0.22742040837406124,0.0,0.0,0.31996947057006875,True,False,True
4,50,4,0.32353561385162277,0.25388625112089014,0.25388625112089014,0.18219448296792873,44.47520109579633,17.731276411328583,3.735689007152353,198619553,257877991,0,0,0,0,4,0,0.0,0.34328131890143637,0.32030975317393506,0.20174205498074996,0.20174205498074996,0.0,0.0,0.19344325421705602,True,False,False
4,51,4,0.18911923750516257,0.5410963918126722,0.5442838668903146,0.03781309010944402,42.83629225165633,15.113311529672496,3.161259616122113,100000000,139123338,0,0,0,4,0,0,0.0,0.29129916722155436,0.3604263039789503,0.2407919348271719,0.2407919348271719,0.0,0.0,0.12355906130016633,True,False,False
4,52,4,0.0826428043372997,0.0,0.0,0.08098672816428958,45.15919943687289,17.553620744413713,3.4577160892205945,191055107,297375648,0,0,0,0,0,0,0.0,0.26226721197571,0.2250329699433031,0.08677367538864031,0.08677367538864031,0.0,0.0,0.0,True,False,False
4,53,4,0.2692261577408984,0.25067111757300126,0.25067111757300126,0.2,44.57998566639881,16.894166167799753,3.6415936517188463,100000000,427206356,0,3,0,0,0,0,0.0,0.4255812755373234,0.44228490778379587,0.17128963914283038,0.17128963914283038,0.0,0.0,0.17134674743061626,True,False,False
4,54,4,0.31334046054320397,0.5417300474473173,0.9345765896061533,0.1041141384693985,45.80234737259631,14.575910038482409,3.494010124012479,100000000,199101328,0,0,0,4,0,0,0.0,0.31421282268517853,0.37846993675040896,0.30250973960637356,0.30250973960637356,0.0,0.0,0.37174127234628057,True,True,True
4,55,4,0.7776579579454603,0.36426826478008184,0.7973359266736041,0.18197535450722446,42.33157520749028,17.563328652878234,3.8402387915080585,282580172,298258217,4,0,0,0,0,0,0.0,0.33332419723143386,0.4836259958832494,0.2048502517484785,0.2048502517484785,0.0,0.0,0.4559671720065744,True,False,True
4,56,4,0.9869205495290914,0.29497838584615954,0.29497838584615954,0.1896755990522439,43.58363056500718,18.541139172710057,3.3531251899758927,162604106,500000000,0,0,0,0,1,0,0.0,0.15262155855904483,0.31803951832398875,0.1623781068325815,0.1623781068325815,0.0,0.0,0.37359774305049953,True,False,True
4,57,4,0.5526211462702604,0.4435036364443152,0.872986125041737,0.15319216476187694,43.29572628005222,19.482921188349323,3.61561556719018,100000000,238847426,0,2,0,0,0,0,0.0,0.26871351696501755,0.42163527352931196,0.1650249861878061,0.1650249861878061,0.0,0.0,0.368410544505334,True,False,True
4,58,4,0.4883556353148984,0.4278512420521594,0.4278512420521594,0.12616935114807426,46.0,14.983441658983402,3.596428008864519,325247614,338364562,0,0,0,0,0,0,0.0,0.28574800405172257,0.2639342833908025,0.15631954783833765,0.15631954783833765,0.0,0.0,0.1766469325879302,True,False,True
4,59,4,0.37683403732580534,0.4747889995051884,0.5894890508746181,0.08086936294817756,42.738279745875026,18.08438872441495,3.729255358432681,396136184,499304877,0,0,0,0,0,0,0.0,0.3229018742256388,0.3845926046451465,0.27735450677879253,0.27735450677879253,0.0,0.0,0.4376094590700737,True,False,True
4,60,4,0.3219589586920535,0.3951978394454546,0.6565963429893993,0.08573847064072548,45.472242364061366,19.671094508125247,3.8178855030693333,100000000,214857684,0,0,0,0,0,0,0.0,0.33317926600946557,0.26096017432154517,0.17638756634923075,0.17638756634923075,0.0,0.0,0.20395862177888002,True,False,True
4,61,4,0.09565839166830875,0.14589358498762506,0.14589358498762506,0.13359731674977082,45.25079428795952,15.739706696296947,3.393556136779962,100000000,466683569,0,0,0,0,0,0,0.0,0.29741138431007413,0.26079752762962793,0.1040481105857213,0.1040481105857213,0.0,0.0,0.08519104435828652,True,False,False
4,62,4,0.4479181041360852,0.21257756023284552,0.21257756023284552,0.09819743627589024,42.45365641660441,15.517577206578272,3.5973500513534606,100000000,268901721,0,0,0,0,4,0,0.0,0.3901737369167458,0.46109800630235587,0.1958374688139513,0.1958374688139513,0.0,0.0,0.2227977579507439,True,False,False
4,63,4,0.3726030415854144,0.12033467472909498,0.7533159353095887,0.08723881456206725,44.11559172675102,15.634184985026295,3.2176425240435105,138040770,358545185,0,0,0,0,2,0,0.0,0.2950908240544156,0.39507132077337376,0.16675679940234214,0.16675679940234214,0.0,0.0,0.08400853862738694,True,False,False
4,64,4,0.12648261212362455,0.491854189746591,0.6447020675945511,0.09389554077287628,44.567424077639416,18.87882773244064,3.601388630797845,100000000,438029949,0,0,0,0,0,1,0.0,0.2753692337798291,0.21574682903098524,0.17296579655314862,0.17296579655314862,0.0,0.0,0.10009856307304228,True,False,False
4,65,4,0.24101706495220235,0.5635713130318512,0.6388061199262046,0.09392726212899927,43.597390665884625,16.839795698030656,3.64132191630298,100000000,120087885,4,0,0,0,0,0,0.0,0.2950792958162023,0.23775305306350525,0.22492037866120237,0.22492037866120237,0.0,0.0,0.3490696006352393,True,False,True
5,66,4,0.17009292179657576,0.5198216639817904,0.5198216639817904,0.10575567076214078,44.12735448171274,17.0693619285021,4.0,100000000,183330228,0,0,0,0,0,0,0.0,0.3189320632208605,0.24594522782856176,0.1909851303425494,0.1909851303425494,0.0,0.0,0.2589269640276573,True,False,True
5,67,4,0.3767307125342285,0.11938659664233403,0.6534810645421382,0.10997310384340407,43.37586572504295,17.099060247383566,3.748880747505992,100000000,306869715,0,0,2,0,0,0,0.0,0.3009883601581893,0.277798991022148,0.18334516839342174,0.18334516839342174,0.0,0.0,0.14448532041200815,True,False,False
5,68,4,0.7645911438846849,0.3769143558091861,0.8545319695489109,0.09037848836055173,40.026410682761664,19.864764955443725,3.278245151005159,346499495,375031102,0,0,0,0,0,0,0.0,0.20375121247659725,0.5146741439013663,0.20292851001736525,0.20292851001736525,0.0,0.0,0.36301624474654304,True,False,True
5,69,4,0.7608971704900869,0.5319568930842316,0.5319568930842316,0.17270149121728245,42.03803275399017,15.223637956961939,3.8286890766414605,414093155,423484070,0,0,1,0,0,0,0.0,0.30857987812197774,0.34156035946715774,0.18651206856182193,0.18651206856182193,0.0,0.0,0.45209152307039857,True,False,True
5,70,4,0.5746862194155772,0.4196801570174137,0.4196801570174137,0.1203262421384509,41.93403551898453,17.30576034941473,3.2262956615104406,303140849,379187603,0,0,0,0,0,1,0.0,0.27524286325797814,0.2802935056275657,0.14851658277510318,0.14851658277510318,0.0,0.0,0.26488566074575515,True,False,True
5,71,4,0.49950140689515693,0.30672801693215657,0.30672801693215657,0.07426853792785963,43.1703377648111,18.69646153859308,3.762339305775715,182570665,237417009,0,0,0,1,0,0,0.0,0.34056532840563647,0.5171861390608857,0.229515394999878,0.229515394999878,0.0,0.0,0.4068369002965317,True,False,True
5,72,4,0.9949549554506771,0.0,0.6492557733782682,0.012546354311811461,41.874045529109786,15.98353999437864,3.270812286985132,196772361,331229041,0,0,0,0,0,0,0.0,0.18522289311243115,0.19434124233514494,0.0904486973082535,0.0904486973082535,0.0,0.0,0.01703208915288714,True,False,False
5,73,4,0.6210035344892655,0.2131373666882418,0.2131373666882418,0.01599318564993471,40.55689847848476,17.188479313627788,3.6588634438343433,421410604,451588915,0,0,0,0,0,0,0.0,0.3421395389052303,0.3730383352826376,0.2763597181039548,0.2763597181039548,0.0,0.0,0.22259799019941062,True,False,False
5,74,4,0.31855136568467424,0.7023616943033784,0.9433665761728365,0.022191515478184348,42.47279298581809,17.385608427133008,4.0,301026960,305263093,0,0,0,0,0,0,0.0,0.3830268238413362,0.3395575451988364,0.1858203346431467,0.1858203346431467,0.0,0.0,0.31629130167862557,True,False,True
5,75,4,0.8011632708432584,0.4829924392962377,0.9110778158200401,0.11702547457665363,42.55397776057493,14.000001,4.0,306164312,297311319,0,0,0,0,0,0,0.0,0.33494629065447973,0.33869987741087987,0.24106829373701635,0.24106829373701635,0.0,0.0,0.4200547294663012,True,False,True
5,76,4,0.7641814727757925,0.22172211064625674,0.22172211064625674,0.023889716832778296,40.71683094172051,17.305198112091297,3.7113071578518957,323116459,329276502,0,0,0,0,0,3,0.0,0.343413899527137,0.6388544897095537,0.3572883736860079,0.3572883736860079,0.0,0.0,0.3875674340220048,True,True,True
5,77,4,0.7326731999453778,0.5120542666257899,0.7015561344160871,0.11058659274194668,43.132592780155214,15.196978237462679,3.698510943159602,100000000,225888388,0,0,0,0,0,0,0.0,0.23450878591114144,0.29042366309363754,0.2131865051552756,0.2131865051552756,0.0,0.0,0.4440225668148209,True,True,True
5,78,4,0.3350597416704077,0.37629041029646093,0.37629041029646093,0.14058444813282625,42.98130598156496,18.523685530295964,3.7780298953535283,355321698,373243103,0,0,0,0,0,0,0.0,0.27298885994640787,0.35501661161360143,0.23974990054143674,0.23974990054143674,0.0,0.0,0.2813115635515874,True,False,True
5,79,4,0.9303206669917827,0.45353899099303235,0.5252945216272218,0.0811257342364415,43.31632450266919,16.02315054576283,3.29630417105818,100000000,384684323,4,0,0,0,0,0,0.0,0.20719288181519144,0.36429239593121576,0.2335846696932201,0.2335846696932201,0.0,0.0,0.42342311007550715,True,False,True
5,80,4,0.7309381174660824,0.7411619051860945,0.9444222714009338,0.07687281024319921,42.46742822088345,19.55786585898932,3.6570173086573954,153301934,380414491,0,0,0,0,0,0,0.0,0.17935694942748856,0.441387395819856,0.31016555554843883,0.31016555554843883,0.0,0.0,0.6801270232066301,True,True,True
5,81,4,1.0,0.28701861895163483,0.28701861895163483,0.029599433089057534,42.75065428143107,14.721533551949308,3.4643207562974574,100000000,136702776,0,0,0,0,0,0,0.0,0.25437429645814,0.3473996121096403,0.20319973602609048,0.20319973602609048,0.0,0.0,0.4534478069019947,True,True,True
6,82,4,0.14302927795163034,0.14708875441657537,0.7499878732298069,0.18949710646254778,42.71346995422248,16.41904943015241,3.4819958577349754,174732603,347710549,0,0,0,0,0,0,8.071681517618501e-11,0.3175810674794059,0.23141620829002202,0.15763193732475173,0.15763193732475173,8.071681517618501e-11,0.0,0.13269332235713854,False,False,False
6,83,4,0.6043793026295664,0.5842942804815543,0.5842942804815543,0.1210481101646607,44.18112484011202,15.8843231528679,3.535781782859222,213217129,306802393,0,4,0,0,0,0,3.328582124595414e-06,0.3053197103218224,0.41817404383562473,0.23241764849741792,0.23241764849741792,3.328582124595414e-06,0.0,0.3459309080081939,False,False,True
6,84,4,0.7949589863989838,0.07509377316234783,0.6352198333394443,0.08156630732134229,40.65625089316943,16.445739754066725,3.3056938780385297,100000000,253579402,0,0,0,0,0,0,2.513691255146e-09,0.40187167165668447,0.40624298307718704,0.16319520054373876,0.16319520054373876,2.513691255146e-09,0.0,0.17828331091602348,False,False,False
6,85,4,0.19779049231800533,0.24662252819123995,0.750780161362887,0.1264686616378584,44.08514448159423,17.32158601859654,3.592987648459845,100000000,247797851,0,2,0,0,0,0,1.0055094534777709e-09,0.301634874469834,0.37322628546119246,0.16746248830133545,0.16746248830133545,1.0055094534777709e-09,0.0,0.2743877901813668,False,False,True
6,86,4,0.12866863586771493,0.39942958376961674,0.5906571613075455,0.15082265141180887,45.8425827330288,17.220874550664757,3.39936023438407,100000000,311144684,0,0,4,0,0,0,4.642011059395601e-13,0.36405830195601313,0.382670785497967,0.14927736678207912,0.14927736678207912,4.642011059395601e-13,0.0,0.14766465183750271,False,False,False
6,87,4,0.6645494104420187,0.41754239088582557,0.41754239088582557,0.001644682121730856,43.99289018713678,17.17683937497771,3.2286861439217525,100000000,308704535,0,1,0,0,0,0,0.006281958892941475,0.34670305560628656,0.24703052900594155,0.154022430785891,0.154022430785891,0.006281958892941475,0.0,0.3609494288784844,False,False,True
6,88,4,0.541187533446029,0.3289899432963115,0.4523217420165613,0.07344702292717556,44.98646573209986,19.72618102065119,3.770624704496422,103714942,297366948,0,0,0,0,0,0,7.327476958529644e-10,0.3339993216322763,0.3253300924703406,0.16930666791765125,0.16930666791765125,7.327476958529644e-10,0.0,0.17512224394959014,False,False,False
6,89,4,0.5748237597373427,0.3590858230726575,0.6648854058820952,0.06497299366454898,42.839453309096406,17.453328621340575,3.2294508945660714,176612083,320251812,0,0,0,0,0,4,0.3078475594520569,0.297503854946221,0.5520375962344567,0.3128620757687615,0.3128620757687615,0.3078475594520569,0.0,0.4215116165873514,False,True,True
6,90,4,0.4356064127546709,0.5139722468498212,0.5193291905359928,0.07311888074704415,43.3796783196834,14.811229886145288,3.500753285422905,100000000,187607247,0,0,3,0,0,0,0.23774583637714386,0.21502020543299602,0.3630342072480929,0.18738826487483384,0.18738826487483384,0.23774583637714386,0.0,0.4550598661573215,False,True,True
6,91,4,0.593432258190042,0.43767428387971236,1.0,0.07123935177984711,41.4242339584252,16.347517615552615,3.373944521077088,100000000,260590483,0,0,0,0,0,0,0.2596971094608307,0.24082070747394826,0.43393016423428943,0.2118918256098945,0.2118918256098945,0.2596971094608307,0.0,0.47650927144309774,False,True,True
6,92,4,0.4681239146926523,0.6071578851071966,0.84048894343674,0.03505220848589358,43.89863608186525,16.92094287914445,3.4295947237388296,100000000,346067907,0,0,0,3,0,0,0.9948983788490295,0.22770724374191262,0.33813404742746056,0.2625047669289494,0.2625047669289494,0.9948983788490295,0.0,0.4513507553749878,True,True,True
6,93,4,0.4929926581766646,0.24259178024910377,0.6408112885415108,0.09934002934642064,42.8864429096312,18.391362392318882,3.3709943485232565,100000000,284231310,0,0,2,0,0,0,6.69843132072856e-07,0.27677407467918436,0.27073500885447804,0.17961320991771668,0.17961320991771668,6.69843132072856e-07,0.0,0.250819638387289,False,False,True
6,94,4,0.057613511089008695,0.3519480722496998,0.7224562823006634,0.08520248666853526,42.68158746605833,17.733342474667435,3.46085388548039,100000000,181264280,0,0,0,0,0,0,2.356504314598995e-12,0.2890808227121563,0.2001361626136234,0.0927866289996667,0.0927866289996667,2.356504314598995e-12,0.0,0.015286032207916734,False,False,False
6,95,4,0.15253198320264283,0.3721416009386517,0.3721416009386517,0.13476899463090275,43.06939525433968,17.249801501938773,3.2273758587036347,100000000,288709048,4,0,0,0,0,0,2.9830429792987445e-10,0.300329386145184,0.38079277283835566,0.18034083782326635,0.18034083782326635,2.9830429792987445e-10,0.0,0.1511369668307719,False,False,False
6,96,4,0.47418241246778137,0.3660785669351862,0.5921929515103694,0.13480917173984464,40.55860832004302,17.727455386580218,3.527180481118249,100000000,198822114,0,0,0,0,0,0,3.1461862818105146e-05,0.2167364756409218,0.33051061885032557,0.14820866144189215,0.14820866144189215,3.1461862818105146e-05,0.0,0.2830350603523365,False,False,True
6,97,4,0.45800209889139537,0.5141496462300166,0.6978435821663748,0.1438874943844841,43.82594293737218,17.308630634825395,3.401767758088714,100000000,285008044,0,3,0,0,0,0,0.9390022158622742,0.2353693121521157,0.37987311633966947,0.2207233777259509,0.2207233777259509,0.9390022158622742,0.0,0.44146268001624916,True,True,True
7,98,4,0.6911092691391832,0.3964754967262568,0.3964754967262568,0.10655926926348587,43.6859046478184,17.122137976092464,3.010984362791954,100000000,317692514,0,0,0,0,0,0,0.877873957157135,0.26333201881955715,0.3425242742420455,0.1952842284287742,0.1952842284287742,0.877873957157135,0.0,0.46648048783074414,True,True,True
7,99,4,0.550173461048133,0.3911202879134086,0.6687269448691935,0.08349878105543519,43.792941044465366,16.654082046468314,3.1118364560148186,100000000,194088136,0,0,0,0,0,0,0.0001036093890434131,0.2687554875007528,0.40356714849663483,0.16676278081678048,0.16676278081678048,0.0001036093890434131,0.0,0.40026448221224153,False,False,True
7,100,4,1.0,0.4675083041402278,0.7335305906773383,0.11643720744208066,42.06904475208361,16.520253716016498,3.581291878754376,240419434,249943546,0,0,0,0,0,0,0.0002014481433434412,0.20825329545270696,0.35863056546596517,0.23908138988644087,0.23908138988644087,0.0002014481433434412,0.0,0.4482308975411101,False,False,True
7,101,4,0.5477859421290829,0.12552916104236533,0.12552916104236533,0.04921686144834364,42.29530843851988,15.616585150868676,3.6946557056109244,100000000,220578990,0,0,0,0,1,0,1.279754080485418e-11,0.3092886401820335,0.23116426137948012,0.11434114555319637,0.11434114555319637,1.279754080485418e-11,0.0,0.04869636157375701,False,False,False
7,102,4,0.7169132594922749,0.818995129082138,0.818995129082138,0.09140632992753472,40.000001,18.739124086499537,3.5382924920506116,180137900,383993222,0,0,0,0,0,0,0.9788059592247009,0.31696462808162723,0.44075768310451025,0.19226939732628107,0.19226939732628107,0.9788059592247009,0.0,0.4536403609951881,True,True,True
7,103,4,0.5248103616811881,0.3065955087910235,0.3065955087910235,0.09345973580145223,44.75387878787764,17.278014587972972,3.7583065965044753,100000000,141448812,0,0,0,0,0,0,1.139625510404585e-06,0.2917259700875556,0.27829264952785737,0.1726605694687655,0.1726605694687655,1.139625510404585e-06,0.0,0.2557429868016847,False,False,True
7,104,4,0.10862027142072778,0.57167532768432,0.57167532768432,0.02704682514454318,45.96086292682015,14.924025500487424,3.020614246879399,100000000,121701250,0,0,0,0,0,0,1.1828000801017424e-08,0.3312689462358871,0.3196222668104124,0.18741552799261033,0.18741552799261033,1.1828000801017424e-08,0.0,0.12383781284776281,False,False,False
7,105,4,0.5751653115035247,0.0,0.2858086135723797,0.0893284729773013,42.833456773589766,15.471610072319633,3.765392393684573,100000000,239923570,0,0,0,0,0,0,3.3661531895212704e-10,0.2678421992986787,0.1707146487829763,0.16128817018462913,0.16128817018462913,3.3661531895212704e-10,0.0,0.10305023429065385,False,False,False
7,106,4,0.7265607375197525,0.21287151479337318,0.21287151479337318,0.15179487051370383,40.000001,21.084247420813238,3.128660262182682,100000000,429019633,0,1,0,0,0,0,1.8975759985551122e-07,0.23669837837693092,0.34368485390145,0.1569554051040141,0.1569554051040141,1.8975759985551122e-07,0.0,0.23059240123271943,False,False,True
7,107,4,0.6019646927795231,0.34237137955215635,0.8356627033780835,0.13739130332210833,42.10878977791014,17.307678613087056,3.3950584864982987,100000000,136382415,0,0,0,0,0,0,0.9121108651161194,0.323337571836019,0.3501325347479436,0.17957360814230755,0.17957360814230755,0.9121108651161194,0.0,0.4337116599039803,True,True,True
7,108,4,0.5902425716056093,0.26060637423359734,0.26060637423359734,0.10935055230564932,42.241549845965785,20.800592379166464,3.3900065850422245,100000000,206697286,0,3,0,0,0,0,6.07108959229663e-05,0.32732388701615117,0.3158392344670733,0.19521555092324364,0.19521555092324364,6.07108959229663e-05,0.0,0.3008037895200829,False,False,True
7,109,4,0.560944049330863,0.3770525161352062,0.3770525161352062,0.09097211180810585,44.69137239283877,21.149023773159634,3.073183523234242,266925920,283044127,0,0,0,0,0,0,0.0011455973144620657,0.23430376170780715,0.3166058688972583,0.16655344382664544,0.16655344382664544,0.0011455973144620657,0.0,0.3455227767058131,False,False,True
7,110,4,0.6095400480879009,0.6513378605274501,0.8033535788970624,0.11890385242724802,43.17309093433247,17.46085643842032,3.62790337787984,100000000,249650275,0,0,0,0,0,0,0.7109844088554382,0.17906415517819457,0.4419070973048378,0.17759986891824014,0.17759986891824014,0.7109844088554382,0.0,0.4683092271560958,False,True,True
7,111,4,1.0,0.27752410660193894,0.4003478234848995,0.15019222800514828,41.86168616264823,16.872110657109456,3.4319203370821216,269948119,276732276,0,0,0,0,0,0,0.00013423057680483907,0.28021334203350357,0.3486437879316636,0.20088813581540002,0.20088813581540002,0.00013423057680483907,0.0,0.3359254914430115,False,False,True
7,112,4,0.30658428504944507,0.2228433311304323,0.2228433311304323,0.042243670857985964,43.87855998084041,17.61758886386056,3.3401413955150523,173929224,304148105,1,0,0,0,0,0,8.720619226743054e-10,0.33231098939489717,0.34573412976552026,0.1558606632094268,0.1558606632094268,8.720619226743054e-10,0.0,0.13042954050899466,False,False,False
7,113,4,0.8608398885493058,0.43113318457376615,0.592925706003504,0.15920907206566934,44.66686373825828,22.0,3.2128390040827144,446220052,500000000,0,0,0,0,3,0,0.839941143989563,0.3494441820262789,0.42558263559149756,0.30124133619984894,0.30124133619984894,0.839941143989563,0.0,0.4842056192781309,True,True,True
8,114,4,0.45594160439541953,0.9809692689960219,0.9809692689960219,0.04298942616091393,42.810577841170385,18.368747710992405,3.821425789103927,702279504,97798017,0,0,0,0,0,0,0.013601698912680149,0.2821678590068876,0.45483115473044206,0.40731022800752953,0.40731022800752953,0.013601698912680149,0.0,0.531390506513425,False,False,True
8,115,4,0.37392042396848163,0.6647119460181876,0.8214961227622763,0.018290807492994596,40.39234932253349,17.055223171769175,3.9183387183297427,367514220,383377198,3,0,0,0,0,0,0.0074413432739675045,0.23061578506389435,0.3277144490335231,0.23020735887433563,0.23020735887433563,0.0074413432739675045,0.0,0.28491607365490934,False,False,True
8,116,4,0.3629331070645633,0.37441186817735206,0.5375493786869892,0.057410672855063745,45.5408929943395,21.419865803565106,3.3842393401581203,1606854227,132871637,0,0,0,0,0,2,0.057904504239559174,0.3037817310423918,0.633617406604196,0.5449983393120023,0.5449983393120023,0.057904504239559174,0.0,0.608686322802781,False,True,True
8,117,4,0.43029842271722285,0.20805999403179423,0.20805999403179423,0.02141433839825997,42.0018070445529,16.10551630973168,3.2868892974774018,906926415,362782831,0,0,0,0,0,0,0.0021964043844491243,0.2460803427481591,0.5132927005983036,0.3139588729392691,0.3139588729392691,0.0021964043844491243,0.0,0.2685943511660459,False,False,True
8,118,4,0.26969388850958753,0.5617171457257714,0.5617171457257714,0.1442587027620183,43.57794662484328,19.925882043030484,3.7079637071668676,134460404,149172724,0,3,0,0,0,0,7.302164249267662e-06,0.3195222026945742,0.29261422588574154,0.17593500668441786,0.17593500668441786,7.302164249267662e-06,0.0,0.22626240834175745,False,False,True
8,119,4,0.37596112710840723,0.5832200349907116,0.7497569329769296,0.0,41.31237645256348,17.461169835542773,3.384358996987614,707293702,194442421,0,0,0,0,2,0,3.6792944229091518e-06,0.3130646352041165,0.45019956387694865,0.3469966499514466,0.3469966499514466,3.6792944229091518e-06,0.0,0.4812912656382041,False,True,True
8,120,4,0.7137708303925083,0.7430103831619154,0.8041340614104312,0.1383158632797172,40.73798035622747,19.777644418291285,3.6166984650216265,1249450457,281778533,0,0,0,0,0,0,0.09959545731544495,0.16345076169112716,0.5500220788455915,0.3810871613401561,0.3810871613401561,0.09959545731544495,0.0,0.43244936713191573,False,True,True
8,121,4,0.5911009951771298,0.3366836244477353,0.3366836244477353,0.11648945552091733,41.77387886281122,18.621318814325253,3.3781130860798356,882104366,413380312,0,0,0,4,0,0,0.996141254901886,0.18876797826027172,0.46308374381381867,0.3630710589530911,0.3630710589530911,0.996141254901886,0.0,0.30606434506220653,True,True,True
8,122,4,1.0,0.157080029214539,0.157080029214539,0.08023489962515021,40.37944252177627,14.000001,3.3608797659146017,695455800,500000000,0,4,0,0,0,0,0.9961239695549011,0.3003983568338247,0.441918589410248,0.3782110568662132,0.3782110568662132,0.9961239695549011,0.0,0.28916281035494495,True,False,True
8,123,4,0.4760183843093834,0.14388876175285142,0.8355849220189552,0.2,44.494754099885746,18.29420095957321,3.5529374500200763,1549307061,254204855,0,0,0,0,0,0,0.4071500897407532,0.3290246910324293,0.6351301503896579,0.5929833928976468,0.5929833928976468,0.4071500897407532,0.0,0.7167329511525145,False,True,True
8,124,4,0.30513234734623973,0.0,0.0,0.19077265939521898,42.215460145204645,14.000001,4.0,1090471385,273030560,0,0,0,0,0,0,1.5554054755284596e-07,0.25582381067051957,0.44853099102351496,0.27239632530302166,0.27239632530302166,1.5554054755284596e-07,0.0,0.11126676768007432,False,True,True
8,125,4,1.0,0.5151659814099989,0.5151659814099989,0.13440294513401477,41.412548181721874,16.671669748311423,4.0,322433332,318096008,0,0,0,2,0,0,0.9975318908691406,0.2602538986807817,0.33692631990411026,0.24365165173091918,0.24365165173091918,0.9975318908691406,0.0,0.4443505252724484,True,False,True
8,126,4,0.1636267927979158,0.4261739452177279,0.7365129634405121,0.07922583362349356,40.3575266339579,19.01645476801563,3.5821148312574653,100000000,266943453,0,0,0,0,0,2,4.585266888401662e-11,0.4110928382716572,0.3164655593776972,0.20210235641972524,0.20210235641972524,4.585266888401662e-11,0.0,0.21955255129331258,False,False,False
8,127,4,0.0,0.0,0.0,0.01104716197562114,43.033729542773976,14.264460510013707,3.5611610181170565,576464276,152134996,0,0,2,0,0,0,1.3842979207367989e-08,0.3217679958445231,0.2630441243101971,0.16268001927462217,0.16268001927462217,1.3842979207367989e-08,0.0,0.03321636666818497,False,False,False
8,128,4,1.0,0.18837352032992782,0.3947915705267695,0.09005717841460201,42.05028804480665,19.688100611873324,3.0600662173301068,558106524,241757863,0,2,0,0,0,0,0.03389856964349747,0.21937960905023157,0.3454315423338059,0.29553913901613393,0.29553913901613393,0.03389856964349747,0.0,0.23989528652114056,False,False,True
8,129,4,0.48487112212946926,0.3716636195596402,0.6103656773365231,0.12912372452786483,42.98256336991821,17.35695854055977,3.79237737223902,1268791046,152734837,4,0,0,0,0,0,0.9363383054733276,0.19336619034337896,0.5460758181517362,0.5099252542869942,0.5099252542869942,0.9363383054733276,0.0,0.6294015122560106,True,True,True
